,crystal,det_no,energy,rotation,tilt,filename,ql_mean,ql_abs_uncert,tof_mean,tof_abs_uncert,qs_mean,qs_abs_uncert,counts,rot_order
54,cpvert,4,4,315,0,cpvert_4MeV_0tilt_315rot_det4.npy,1.6331,0.024,65.662,0.5507,1.0277,0.0166,76.0,0
66,cpvert,4,4,335,0,cpvert_4MeV_0tilt_335rot_det4.npy,1.675,0.019,64.4485,0.4841,1.0534,0.0126,77.0,1
78,cpvert,4,4,345,0,cpvert_4MeV_0tilt_345rot_det4.npy,1.6876,0.0166,65.0984,0.4252,1.0704,0.0115,98.0,2
90,cpvert,4,4,355,0,cpvert_4MeV_0tilt_355rot_det4.npy,1.6527,0.0194,66.2631,0.4973,1.0482,0.0132,71.0,3
138,cpvert,4,4,5,0,cpvert_4MeV_0tilt_5rot_det4.npy,1.6527,0.0219,65.9765,0.549,1.0506,0.0154,69.0,4
30,cpvert,4,4,15,0,cpvert_4MeV_0tilt_15rot_det4.npy,1.659,0.0177,65.3426,0.5201,1.0583,0.012,78.0,5
42,cpvert,4,4,25,0,cpvert_4MeV_0tilt_25rot_det4.npy,1.6131,0.0173,65.1966,0.4551,1.0294,0.0119,86.0,6
102,cpvert,4,4,35,0,cpvert_4MeV_0tilt_35rot_det4.npy,1.6299,0.0169,65.9246,0.5246,1.0363,0.0114,77.0,7
114,cpvert,4,4,45,0,cpvert_4MeV_0tilt_45rot_det4.npy,1.6045,0.016,65.1931,0.4961,1.0285,0.0116,82.0,8
126,cpvert,4,4,55,0,cpvert_4MeV_0tilt_55rot_det4.npy,1.5827,0.0188,65.0781,0.4311,1.0133,0.0133,94.0,9
150,cpvert,4,4,75,0,cpvert_4MeV_0tilt_75rot_det4.npy,1.6179,0.0144,65.3176,0.4601,1.035,0.0107,93.0,10
162,cpvert,4,4,95,0,cpvert_4MeV_0tilt_95rot_det4.npy,1.595,0.0188,64.7363,0.4839,1.0193,0.0131,85.0,11
6,cpvert,4,4,115,0,cpvert_4MeV_0tilt_115rot_det4.npy,1.6479,0.0175,64.5708,0.4704,1.0495,0.0124,80.0,12
18,cpvert,4,4,135,0,cpvert_4MeV_0tilt_135rot_det4.npy,1.6415,0.0193,65.9716,0.5989,1.0371,0.0131,72.0,13
55,cpvert,5,4,315,0,cpvert_4MeV_0tilt_315rot_det5.npy,1.3752,0.0116,40.8583,0.254,0.8563,0.0082,72.0,0
67,cpvert,5,4,335,0,cpvert_4MeV_0tilt_335rot_det5.npy,1.3602,0.0118,40.4958,0.1949,0.8397,0.0078,119.0,1
79,cpvert,5,4,345,0,cpvert_4MeV_0tilt_345rot_det5.npy,1.3885,0.0098,40.2089,0.2525,0.8674,0.0075,71.0,2
91,cpvert,5,4,355,0,cpvert_4MeV_0tilt_355rot_det5.npy,1.3419,0.0107,41.0108,0.226,0.8266,0.0072,112.0,3
139,cpvert,5,4,5,0,cpvert_4MeV_0tilt_5rot_det5.npy,1.3357,0.0118,41.1629,0.1912,0.8305,0.008,116.0,4
31,cpvert,5,4,15,0,cpvert_4MeV_0tilt_15rot_det5.npy,1.3041,0.0104,41.0493,0.2002,0.8131,0.0074,131.0,5
43,cpvert,5,4,25,0,cpvert_4MeV_0tilt_25rot_det5.npy,1.2875,0.011,41.0062,0.188,0.8045,0.0075,136.0,6
103,cpvert,5,4,35,0,cpvert_4MeV_0tilt_35rot_det5.npy,1.305,0.0119,41.0053,0.1783,0.8171,0.0085,118.0,7
115,cpvert,5,4,45,0,cpvert_4MeV_0tilt_45rot_det5.npy,1.3074,0.0101,41.0635,0.198,0.8207,0.007,124.0,8
127,cpvert,5,4,55,0,cpvert_4MeV_0tilt_55rot_det5.npy,1.3028,0.0104,41.0623,0.1974,0.8185,0.0072,126.0,9
151,cpvert,5,4,75,0,cpvert_4MeV_0tilt_75rot_det5.npy,1.2753,0.01,40.8551,0.1883,0.8023,0.0071,151.0,10
163,cpvert,5,4,95,0,cpvert_4MeV_0tilt_95rot_det5.npy,1.2958,0.0114,40.8159,0.199,0.8151,0.0088,114.0,11
7,cpvert,5,4,115,0,cpvert_4MeV_0tilt_115rot_det5.npy,1.2945,0.0121,41.1818,0.199,0.8095,0.0083,125.0,12
19,cpvert,5,4,135,0,cpvert_4MeV_0tilt_135rot_det5.npy,1.3144,0.0112,41.2433,0.2208,0.821,0.0078,116.0,13
56,cpvert,6,4,315,0,cpvert_4MeV_0tilt_315rot_det6.npy,0.917,0.0078,31.3273,0.1232,0.5505,0.0052,166.0,0
68,cpvert,6,4,335,0,cpvert_4MeV_0tilt_335rot_det6.npy,0.9175,0.0079,31.16,0.1132,0.5551,0.0051,168.0,1
80,cpvert,6,4,345,0,cpvert_4MeV_0tilt_345rot_det6.npy,0.9335,0.0071,31.1902,0.1333,0.5614,0.0046,136.0,2
92,cpvert,6,4,355,0,cpvert_4MeV_0tilt_355rot_det6.npy,0.9296,0.0074,31.1979,0.122,0.557,0.0048,146.0,3
140,cpvert,6,4,5,0,cpvert_4MeV_0tilt_5rot_det6.npy,0.9333,0.0076,31.3286,0.128,0.5609,0.0051,139.0,4
32,cpvert,6,4,15,0,cpvert_4MeV_0tilt_15rot_det6.npy,0.9322,0.0071,31.2979,0.131,0.5611,0.005,134.0,5
44,cpvert,6,4,25,0,cpvert_4MeV_0tilt_25rot_det6.npy,0.9164,0.0081,31.4835,0.13,0.5521,0.0054,166.0,6
104,cpvert,6,4,35,0,cpvert_4MeV_0tilt_35rot_det6.npy,0.902,0.0076,31.251,0.1189,0.5406,0.0053,150.0,7
116,cpvert,6,4,45,0,cpvert_4MeV_0tilt_45rot_det6.npy,0.9028,0.0076,31.3681,0.1155,0.5481,0.0052,165.0,8
128,cpvert,6,4,55,0,cpvert_4MeV_0tilt_55rot_det6.npy,0.9039,0.0069,31.3299,0.1121,0.5467,0.0046,179.0,9
152,cpvert,6,4,75,0,cpvert_4MeV_0tilt_75rot_det6.npy,0.9074,0.0078,31.2206,0.1169,0.5526,0.0052,164.0,10
164,cpvert,6,4,95,0,cpvert_4MeV_0tilt_95rot_det6.npy,0.9071,0.0073,31.0133,0.1263,0.5539,0.0051,144.0,11
8,cpvert,6,4,115,0,cpvert_4MeV_0tilt_115rot_det6.npy,0.8923,0.0076,31.3968,0.1186,0.541,0.005,164.0,12
20,cpvert,6,4,135,0,cpvert_4MeV_0tilt_135rot_det6.npy,0.9205,0.0075,31.0834,0.1302,0.5571,0.0053,108.0,13
57,cpvert,7,4,315,0,cpvert_4MeV_0tilt_315rot_det7.npy,0.5396,0.0049,27.561,0.0919,0.3099,0.0032,192.0,0
69,cpvert,7,4,335,0,cpvert_4MeV_0tilt_335rot_det7.npy,0.5368,0.0046,27.6268,0.0908,0.3083,0.003,181.0,1
81,cpvert,7,4,345,0,cpvert_4MeV_0tilt_345rot_det7.npy,0.5446,0.0052,27.6021,0.0894,0.314,0.0033,188.0,2
93,cpvert,7,4,355,0,cpvert_4MeV_0tilt_355rot_det7.npy,0.5482,0.0057,27.5736,0.0948,0.3173,0.0037,151.0,3
141,cpvert,7,4,5,0,cpvert_4MeV_0tilt_5rot_det7.npy,0.5464,0.0053,27.5572,0.0978,0.3155,0.0033,158.0,4
33,cpvert,7,4,15,0,cpvert_4MeV_0tilt_15rot_det7.npy,0.5424,0.0047,27.6346,0.0907,0.3119,0.003,193.0,5
45,cpvert,7,4,25,0,cpvert_4MeV_0tilt_25rot_det7.npy,0.5474,0.005,27.6586,0.0983,0.3165,0.0031,171.0,6
105,cpvert,7,4,35,0,cpvert_4MeV_0tilt_35rot_det7.npy,0.54,0.006,27.6738,0.103,0.3107,0.0039,139.0,7
117,cpvert,7,4,45,0,cpvert_4MeV_0tilt_45rot_det7.npy,0.5449,0.0045,27.6236,0.0856,0.3137,0.0029,167.0,8
129,cpvert,7,4,55,0,cpvert_4MeV_0tilt_55rot_det7.npy,0.5188,0.0051,27.9413,0.1048,0.2977,0.0033,168.0,9
153,cpvert,7,4,75,0,cpvert_4MeV_0tilt_75rot_det7.npy,0.5276,0.0052,27.8595,0.0868,0.3041,0.0037,192.0,10
165,cpvert,7,4,95,0,cpvert_4MeV_0tilt_95rot_det7.npy,0.518,0.0051,27.7773,0.0947,0.2991,0.0034,184.0,11
9,cpvert,7,4,115,0,cpvert_4MeV_0tilt_115rot_det7.npy,0.5254,0.0054,27.7098,0.1014,0.3018,0.0034,144.0,12
21,cpvert,7,4,135,0,cpvert_4MeV_0tilt_135rot_det7.npy,0.5286,0.0051,27.9039,0.1029,0.3048,0.0032,156.0,13
58,cpvert,8,4,315,0,cpvert_4MeV_0tilt_315rot_det8.npy,0.2504,0.0027,27.9723,0.0867,0.1362,0.0018,167.0,0
70,cpvert,8,4,335,0,cpvert_4MeV_0tilt_335rot_det8.npy,0.252,0.0029,27.7303,0.0806,0.1369,0.0017,179.0,1
82,cpvert,8,4,345,0,cpvert_4MeV_0tilt_345rot_det8.npy,0.2551,0.0033,27.85,0.0919,0.1388,0.002,143.0,2
94,cpvert,8,4,355,0,cpvert_4MeV_0tilt_355rot_det8.npy,0.2571,0.003,27.8438,0.0848,0.14,0.0019,147.0,3
142,cpvert,8,4,5,0,cpvert_4MeV_0tilt_5rot_det8.npy,0.2582,0.0033,27.9375,0.0847,0.1401,0.0019,166.0,4
34,cpvert,8,4,15,0,cpvert_4MeV_0tilt_15rot_det8.npy,0.2512,0.0027,27.9608,0.0925,0.1363,0.0016,147.0,5
46,cpvert,8,4,25,0,cpvert_4MeV_0tilt_25rot_det8.npy,0.2571,0.0025,27.886,0.0752,0.1395,0.0015,191.0,6
106,cpvert,8,4,35,0,cpvert_4MeV_0tilt_35rot_det8.npy,0.2517,0.0031,27.935,0.0811,0.1368,0.0019,155.0,7
118,cpvert,8,4,45,0,cpvert_4MeV_0tilt_45rot_det8.npy,0.2525,0.0028,27.8638,0.0771,0.1365,0.0017,172.0,8
130,cpvert,8,4,55,0,cpvert_4MeV_0tilt_55rot_det8.npy,0.2538,0.0029,27.9336,0.082,0.1371,0.0018,184.0,9
154,cpvert,8,4,75,0,cpvert_4MeV_0tilt_75rot_det8.npy,0.2516,0.0029,27.8214,0.082,0.1354,0.0017,166.0,10
166,cpvert,8,4,95,0,cpvert_4MeV_0tilt_95rot_det8.npy,0.2501,0.0029,27.9855,0.0824,0.1335,0.0018,161.0,11
10,cpvert,8,4,115,0,cpvert_4MeV_0tilt_115rot_det8.npy,0.2432,0.0035,28.1006,0.0905,0.13,0.0021,159.0,12
22,cpvert,8,4,135,0,cpvert_4MeV_0tilt_135rot_det8.npy,0.2466,0.003,27.8957,0.0932,0.1309,0.0019,153.0,13
59,cpvert,9,4,315,0,cpvert_4MeV_0tilt_315rot_det9.npy,0.0786,0.0015,25.8998,0.0901,0.0391,0.0008,167.0,0
71,cpvert,9,4,335,0,cpvert_4MeV_0tilt_335rot_det9.npy,0.0774,0.0012,25.7243,0.0862,0.0382,0.0007,168.0,1
83,cpvert,9,4,345,0,cpvert_4MeV_0tilt_345rot_det9.npy,0.0767,0.0013,25.7114,0.0864,0.0378,0.0007,171.0,2
95,cpvert,9,4,355,0,cpvert_4MeV_0tilt_355rot_det9.npy,0.0799,0.0014,25.7702,0.0862,0.0398,0.0007,146.0,3
143,cpvert,9,4,5,0,cpvert_4MeV_0tilt_5rot_det9.npy,0.0746,0.0012,25.8453,0.0926,0.0371,0.0007,162.0,4
35,cpvert,9,4,15,0,cpvert_4MeV_0tilt_15rot_det9.npy,0.079,0.0013,25.8016,0.0892,0.0395,0.0007,173.0,5
47,cpvert,9,4,25,0,cpvert_4MeV_0tilt_25rot_det9.npy,0.0795,0.0014,25.7871,0.0937,0.0395,0.0008,152.0,6
107,cpvert,9,4,35,0,cpvert_4MeV_0tilt_35rot_det9.npy,0.078,0.0014,25.7351,0.0981,0.0386,0.0008,146.0,7
119,cpvert,9,4,45,0,cpvert_4MeV_0tilt_45rot_det9.npy,0.0775,0.0012,25.7048,0.0941,0.0384,0.0007,162.0,8
131,cpvert,9,4,55,0,cpvert_4MeV_0tilt_55rot_det9.npy,0.0761,0.0012,25.7575,0.0841,0.0376,0.0007,186.0,9
155,cpvert,9,4,75,0,cpvert_4MeV_0tilt_75rot_det9.npy,0.0751,0.0015,25.955,0.0962,0.0361,0.0009,168.0,10
167,cpvert,9,4,95,0,cpvert_4MeV_0tilt_95rot_det9.npy,0.0783,0.0014,25.7459,0.0904,0.0376,0.0007,170.0,11
11,cpvert,9,4,115,0,cpvert_4MeV_0tilt_115rot_det9.npy,0.0772,0.0013,25.7507,0.0753,0.0363,0.0007,164.0,12
23,cpvert,9,4,135,0,cpvert_4MeV_0tilt_135rot_det9.npy,0.0749,0.0014,25.6889,0.0955,0.0355,0.0008,148.0,13
48,cpvert,10,4,315,0,cpvert_4MeV_0tilt_315rot_det10.npy,0.0783,0.0013,24.3766,0.0885,0.0385,0.0007,165.0,0
60,cpvert,10,4,335,0,cpvert_4MeV_0tilt_335rot_det10.npy,0.0791,0.0014,24.4849,0.0987,0.0382,0.0008,149.0,1
72,cpvert,10,4,345,0,cpvert_4MeV_0tilt_345rot_det10.npy,0.0764,0.0015,24.3514,0.1009,0.0369,0.0008,156.0,2
84,cpvert,10,4,355,0,cpvert_4MeV_0tilt_355rot_det10.npy,0.0762,0.0017,24.4397,0.1037,0.0369,0.001,158.0,3
132,cpvert,10,4,5,0,cpvert_4MeV_0tilt_5rot_det10.npy,0.0774,0.0016,24.3703,0.1005,0.0373,0.0009,132.0,4
24,cpvert,10,4,15,0,cpvert_4MeV_0tilt_15rot_det10.npy,0.0766,0.0016,24.4594,0.102,0.0375,0.0008,164.0,5
36,cpvert,10,4,25,0,cpvert_4MeV_0tilt_25rot_det10.npy,0.0794,0.0014,24.3803,0.0934,0.0386,0.0007,159.0,6
96,cpvert,10,4,35,0,cpvert_4MeV_0tilt_35rot_det10.npy,0.0778,0.0013,24.2336,0.0942,0.0387,0.0008,170.0,7
108,cpvert,10,4,45,0,cpvert_4MeV_0tilt_45rot_det10.npy,0.0773,0.0014,24.3331,0.0858,0.038,0.0008,182.0,8
120,cpvert,10,4,55,0,cpvert_4MeV_0tilt_55rot_det10.npy,0.0775,0.0013,24.2656,0.0861,0.0386,0.0007,177.0,9
144,cpvert,10,4,75,0,cpvert_4MeV_0tilt_75rot_det10.npy,0.0745,0.0012,24.4977,0.0933,0.037,0.0007,182.0,10
156,cpvert,10,4,95,0,cpvert_4MeV_0tilt_95rot_det10.npy,0.0749,0.0013,24.391,0.0906,0.0363,0.0008,164.0,11
0,cpvert,10,4,115,0,cpvert_4MeV_0tilt_115rot_det10.npy,0.0763,0.0013,24.3825,0.097,0.0366,0.0007,170.0,12
12,cpvert,10,4,135,0,cpvert_4MeV_0tilt_135rot_det10.npy,0.0768,0.0014,24.3384,0.0985,0.0362,0.0007,146.0,13
49,cpvert,11,4,315,0,cpvert_4MeV_0tilt_315rot_det11.npy,0.2509,0.0024,28.7698,0.084,0.1348,0.0015,202.0,0
61,cpvert,11,4,335,0,cpvert_4MeV_0tilt_335rot_det11.npy,0.2519,0.0029,28.9123,0.0894,0.1365,0.0017,160.0,1
73,cpvert,11,4,345,0,cpvert_4MeV_0tilt_345rot_det11.npy,0.2527,0.0029,28.9324,0.0945,0.1373,0.0018,163.0,2
85,cpvert,11,4,355,0,cpvert_4MeV_0tilt_355rot_det11.npy,0.246,0.0028,28.8189,0.0948,0.1318,0.0017,155.0,3
133,cpvert,11,4,5,0,cpvert_4MeV_0tilt_5rot_det11.npy,0.2486,0.0032,28.9337,0.0966,0.1333,0.0019,149.0,4
25,cpvert,11,4,15,0,cpvert_4MeV_0tilt_15rot_det11.npy,0.2541,0.0027,28.7087,0.0815,0.1364,0.0016,192.0,5
37,cpvert,11,4,25,0,cpvert_4MeV_0tilt_25rot_det11.npy,0.2559,0.0027,28.7937,0.0882,0.1396,0.0017,169.0,6
97,cpvert,11,4,35,0,cpvert_4MeV_0tilt_35rot_det11.npy,0.2528,0.0036,28.7399,0.0952,0.1372,0.0021,153.0,7
109,cpvert,11,4,45,0,cpvert_4MeV_0tilt_45rot_det11.npy,0.2557,0.0033,28.5757,0.0894,0.1392,0.002,149.0,8
121,cpvert,11,4,55,0,cpvert_4MeV_0tilt_55rot_det11.npy,0.2526,0.0034,28.9326,0.0927,0.1369,0.002,167.0,9
145,cpvert,11,4,75,0,cpvert_4MeV_0tilt_75rot_det11.npy,0.2568,0.0032,28.6759,0.0875,0.1407,0.0019,165.0,10
157,cpvert,11,4,95,0,cpvert_4MeV_0tilt_95rot_det11.npy,0.2498,0.0026,28.7695,0.0916,0.135,0.0016,183.0,11
1,cpvert,11,4,115,0,cpvert_4MeV_0tilt_115rot_det11.npy,0.2497,0.0029,28.7854,0.101,0.1336,0.0018,131.0,12
13,cpvert,11,4,135,0,cpvert_4MeV_0tilt_135rot_det11.npy,0.2424,0.0028,28.7656,0.0989,0.1299,0.0016,145.0,13
50,cpvert,12,4,315,0,cpvert_4MeV_0tilt_315rot_det12.npy,0.5534,0.0045,28.7177,0.0979,0.3196,0.003,145.0,0
62,cpvert,12,4,335,0,cpvert_4MeV_0tilt_335rot_det12.npy,0.5342,0.0052,28.8968,0.0888,0.3079,0.0033,169.0,1
74,cpvert,12,4,345,0,cpvert_4MeV_0tilt_345rot_det12.npy,0.5358,0.0048,28.9992,0.0961,0.31,0.0031,193.0,2
86,cpvert,12,4,355,0,cpvert_4MeV_0tilt_355rot_det12.npy,0.5237,0.0051,28.9475,0.1009,0.3028,0.0034,160.0,3
134,cpvert,12,4,5,0,cpvert_4MeV_0tilt_5rot_det12.npy,0.5367,0.005,28.9284,0.0962,0.3089,0.0031,160.0,4
26,cpvert,12,4,15,0,cpvert_4MeV_0tilt_15rot_det12.npy,0.5332,0.005,28.92,0.1007,0.3065,0.0031,178.0,5
38,cpvert,12,4,25,0,cpvert_4MeV_0tilt_25rot_det12.npy,0.5255,0.0052,28.7836,0.1011,0.2997,0.0033,178.0,6
98,cpvert,12,4,35,0,cpvert_4MeV_0tilt_35rot_det12.npy,0.5413,0.0052,28.8317,0.0975,0.3123,0.0034,162.0,7
110,cpvert,12,4,45,0,cpvert_4MeV_0tilt_45rot_det12.npy,0.5425,0.0044,28.7192,0.0939,0.3128,0.0028,176.0,8
122,cpvert,12,4,55,0,cpvert_4MeV_0tilt_55rot_det12.npy,0.5412,0.0049,28.65,0.0851,0.3118,0.0031,196.0,9
146,cpvert,12,4,75,0,cpvert_4MeV_0tilt_75rot_det12.npy,0.5456,0.0047,28.7209,0.0902,0.3146,0.003,217.0,10
158,cpvert,12,4,95,0,cpvert_4MeV_0tilt_95rot_det12.npy,0.5452,0.0056,28.6388,0.0958,0.3151,0.0035,158.0,11
2,cpvert,12,4,115,0,cpvert_4MeV_0tilt_115rot_det12.npy,0.5561,0.0048,28.6547,0.1029,0.3211,0.0032,142.0,12
14,cpvert,12,4,135,0,cpvert_4MeV_0tilt_135rot_det12.npy,0.5255,0.0054,28.7377,0.0956,0.3026,0.0034,161.0,13
51,cpvert,13,4,315,0,cpvert_4MeV_0tilt_315rot_det13.npy,0.9159,0.0065,33.6111,0.1449,0.5561,0.0046,146.0,0
63,cpvert,13,4,335,0,cpvert_4MeV_0tilt_335rot_det13.npy,0.9058,0.007,33.8138,0.1319,0.5478,0.0046,167.0,1
75,cpvert,13,4,345,0,cpvert_4MeV_0tilt_345rot_det13.npy,0.8991,0.0074,33.8005,0.1248,0.5459,0.005,172.0,2
87,cpvert,13,4,355,0,cpvert_4MeV_0tilt_355rot_det13.npy,0.9005,0.008,33.7961,0.1506,0.5466,0.0053,131.0,3
135,cpvert,13,4,5,0,cpvert_4MeV_0tilt_5rot_det13.npy,0.8831,0.0081,33.8487,0.1318,0.5386,0.0056,136.0,4
27,cpvert,13,4,15,0,cpvert_4MeV_0tilt_15rot_det13.npy,0.8956,0.0062,33.7414,0.1314,0.543,0.0047,175.0,5
39,cpvert,13,4,25,0,cpvert_4MeV_0tilt_25rot_det13.npy,0.891,0.0066,33.7297,0.119,0.5387,0.0044,183.0,6
99,cpvert,13,4,35,0,cpvert_4MeV_0tilt_35rot_det13.npy,0.9104,0.0071,33.5527,0.1459,0.5525,0.0047,144.0,7
111,cpvert,13,4,45,0,cpvert_4MeV_0tilt_45rot_det13.npy,0.9022,0.0073,33.6456,0.1195,0.5449,0.0049,177.0,8
123,cpvert,13,4,55,0,cpvert_4MeV_0tilt_55rot_det13.npy,0.9035,0.007,33.5229,0.125,0.5444,0.0047,176.0,9
147,cpvert,13,4,75,0,cpvert_4MeV_0tilt_75rot_det13.npy,0.9298,0.0065,33.666,0.1147,0.5626,0.0046,195.0,10
159,cpvert,13,4,95,0,cpvert_4MeV_0tilt_95rot_det13.npy,0.9206,0.0072,33.4822,0.1264,0.5518,0.0048,139.0,11
3,cpvert,13,4,115,0,cpvert_4MeV_0tilt_115rot_det13.npy,0.9224,0.0071,33.4929,0.1302,0.5553,0.0047,156.0,12
15,cpvert,13,4,135,0,cpvert_4MeV_0tilt_135rot_det13.npy,0.9231,0.0092,33.7251,0.1573,0.5589,0.0064,133.0,13
52,cpvert,14,4,315,0,cpvert_4MeV_0tilt_315rot_det14.npy,1.2945,0.0119,43.4188,0.2144,0.8078,0.0086,115.0,0
64,cpvert,14,4,335,0,cpvert_4MeV_0tilt_335rot_det14.npy,1.3089,0.0129,43.5073,0.2629,0.8191,0.0087,89.0,1
76,cpvert,14,4,345,0,cpvert_4MeV_0tilt_345rot_det14.npy,1.2973,0.0113,43.4104,0.2129,0.8115,0.0079,122.0,2
88,cpvert,14,4,355,0,cpvert_4MeV_0tilt_355rot_det14.npy,1.2826,0.0113,43.557,0.2281,0.8038,0.0081,116.0,3
136,cpvert,14,4,5,0,cpvert_4MeV_0tilt_5rot_det14.npy,1.2921,0.0131,43.6363,0.2377,0.8103,0.0094,105.0,4
28,cpvert,14,4,15,0,cpvert_4MeV_0tilt_15rot_det14.npy,1.268,0.0109,43.0546,0.1959,0.7983,0.0077,145.0,5
40,cpvert,14,4,25,0,cpvert_4MeV_0tilt_25rot_det14.npy,1.2774,0.0115,43.2091,0.1948,0.8012,0.0083,127.0,6
100,cpvert,14,4,35,0,cpvert_4MeV_0tilt_35rot_det14.npy,1.2823,0.0117,43.208,0.2326,0.8078,0.0086,112.0,7
112,cpvert,14,4,45,0,cpvert_4MeV_0tilt_45rot_det14.npy,1.296,0.0101,43.1035,0.2026,0.8112,0.0072,143.0,8
124,cpvert,14,4,55,0,cpvert_4MeV_0tilt_55rot_det14.npy,1.2851,0.0118,43.3064,0.194,0.8042,0.0081,141.0,9
148,cpvert,14,4,75,0,cpvert_4MeV_0tilt_75rot_det14.npy,1.2818,0.0139,42.8613,0.2129,0.8,0.0097,124.0,10
160,cpvert,14,4,95,0,cpvert_4MeV_0tilt_95rot_det14.npy,1.3125,0.0136,43.1021,0.2217,0.8116,0.0094,116.0,11
4,cpvert,14,4,115,0,cpvert_4MeV_0tilt_115rot_det14.npy,1.3314,0.0121,43.7471,0.2253,0.8228,0.0077,110.0,12
16,cpvert,14,4,135,0,cpvert_4MeV_0tilt_135rot_det14.npy,1.3048,0.0131,43.427,0.2299,0.8156,0.0086,104.0,13
53,cpvert,15,4,315,0,cpvert_4MeV_0tilt_315rot_det15.npy,1.6531,0.017,67.508,0.4752,1.0522,0.0121,80.0,0
65,cpvert,15,4,335,0,cpvert_4MeV_0tilt_335rot_det15.npy,1.6412,0.0168,66.6198,0.4943,1.0471,0.0117,81.0,1
77,cpvert,15,4,345,0,cpvert_4MeV_0tilt_345rot_det15.npy,1.6285,0.0215,67.0437,0.5632,1.0393,0.0151,70.0,2
89,cpvert,15,4,355,0,cpvert_4MeV_0tilt_355rot_det15.npy,1.6039,0.016,67.1676,0.5405,1.0301,0.0114,72.0,3
137,cpvert,15,4,5,0,cpvert_4MeV_0tilt_5rot_det15.npy,1.6475,0.0155,67.7225,0.5317,1.053,0.011,68.0,4
29,cpvert,15,4,15,0,cpvert_4MeV_0tilt_15rot_det15.npy,1.6139,0.0144,66.4904,0.4749,1.0361,0.0102,74.0,5
41,cpvert,15,4,25,0,cpvert_4MeV_0tilt_25rot_det15.npy,1.6375,0.0152,67.0449,0.4659,1.0542,0.0109,80.0,6
101,cpvert,15,4,35,0,cpvert_4MeV_0tilt_35rot_det15.npy,1.6047,0.0191,66.5673,0.4291,1.0273,0.0131,89.0,7
113,cpvert,15,4,45,0,cpvert_4MeV_0tilt_45rot_det15.npy,1.5713,0.0213,66.9984,0.4996,1.0104,0.0142,86.0,8
125,cpvert,15,4,55,0,cpvert_4MeV_0tilt_55rot_det15.npy,1.621,0.02,67.4054,0.4947,1.0405,0.0147,78.0,9
149,cpvert,15,4,75,0,cpvert_4MeV_0tilt_75rot_det15.npy,1.6656,0.0164,66.6024,0.4852,1.0621,0.0116,87.0,10
161,cpvert,15,4,95,0,cpvert_4MeV_0tilt_95rot_det15.npy,1.6673,0.0184,66.7422,0.5147,1.0497,0.0129,67.0,11
5,cpvert,15,4,115,0,cpvert_4MeV_0tilt_115rot_det15.npy,1.6566,0.0205,67.2112,0.4465,1.0455,0.0139,82.0,12
17,cpvert,15,4,135,0,cpvert_4MeV_0tilt_135rot_det15.npy,1.7106,0.019,66.2015,0.54,1.0794,0.0136,67.0,13
390,cpvert,4,4,315,30,cpvert_4MeV_30tilt_315rot_det4.npy,1.6482,0.0197,64.6494,0.5134,1.0429,0.0139,74.0,0
402,cpvert,4,4,335,30,cpvert_4MeV_30tilt_335rot_det4.npy,1.7235,0.0168,65.1273,0.498,1.083,0.0116,64.0,1
414,cpvert,4,4,345,30,cpvert_4MeV_30tilt_345rot_det4.npy,1.7335,0.0171,65.2372,0.5218,1.0971,0.0117,74.0,2
426,cpvert,4,4,355,30,cpvert_4MeV_30tilt_355rot_det4.npy,1.7197,0.0153,64.8496,0.4847,1.0962,0.0111,77.0,3
474,cpvert,4,4,5,30,cpvert_4MeV_30tilt_5rot_det4.npy,1.6637,0.0215,65.4691,0.4852,1.0604,0.0143,70.0,4
366,cpvert,4,4,15,30,cpvert_4MeV_30tilt_15rot_det4.npy,1.643,0.0168,65.163,0.4429,1.058,0.0115,89.0,5
378,cpvert,4,4,25,30,cpvert_4MeV_30tilt_25rot_det4.npy,1.5837,0.0217,65.0777,0.4647,1.0175,0.0153,92.0,6
438,cpvert,4,4,35,30,cpvert_4MeV_30tilt_35rot_det4.npy,1.5819,0.0194,64.6352,0.5686,1.0208,0.0136,74.0,7
450,cpvert,4,4,45,30,cpvert_4MeV_30tilt_45rot_det4.npy,1.5093,0.0224,65.0452,0.4942,0.9684,0.0157,84.0,8
462,cpvert,4,4,55,30,cpvert_4MeV_30tilt_55rot_det4.npy,1.5326,0.016,64.7592,0.424,0.9884,0.0119,116.0,9
486,cpvert,4,4,75,30,cpvert_4MeV_30tilt_75rot_det4.npy,1.551,0.0162,64.1746,0.4272,0.9923,0.0113,101.0,10
498,cpvert,4,4,95,30,cpvert_4MeV_30tilt_95rot_det4.npy,1.584,0.0186,63.992,0.5546,1.0188,0.0135,70.0,11
342,cpvert,4,4,115,30,cpvert_4MeV_30tilt_115rot_det4.npy,1.5762,0.0222,63.7487,0.5352,1.0063,0.0153,74.0,12
354,cpvert,4,4,135,30,cpvert_4MeV_30tilt_135rot_det4.npy,1.5838,0.0252,64.852,0.5563,1.0033,0.0172,71.0,13
391,cpvert,5,4,315,30,cpvert_4MeV_30tilt_315rot_det5.npy,1.2904,0.0128,41.2954,0.2211,0.8043,0.0088,105.0,0
403,cpvert,5,4,335,30,cpvert_4MeV_30tilt_335rot_det5.npy,1.3347,0.0143,41.4328,0.1974,0.8267,0.0096,122.0,1
415,cpvert,5,4,345,30,cpvert_4MeV_30tilt_345rot_det5.npy,1.3265,0.0111,40.9368,0.2358,0.8217,0.0074,116.0,2
427,cpvert,5,4,355,30,cpvert_4MeV_30tilt_355rot_det5.npy,1.327,0.0135,40.8998,0.1943,0.8205,0.0091,107.0,3
475,cpvert,5,4,5,30,cpvert_4MeV_30tilt_5rot_det5.npy,1.3242,0.0135,40.6372,0.2018,0.8255,0.0092,114.0,4
367,cpvert,5,4,15,30,cpvert_4MeV_30tilt_15rot_det5.npy,1.3195,0.0099,40.8882,0.2045,0.8267,0.007,104.0,5
379,cpvert,5,4,25,30,cpvert_4MeV_30tilt_25rot_det5.npy,1.2862,0.012,41.1102,0.2008,0.8081,0.0088,114.0,6
439,cpvert,5,4,35,30,cpvert_4MeV_30tilt_35rot_det5.npy,1.2609,0.012,41.0352,0.2022,0.7919,0.0084,127.0,7
451,cpvert,5,4,45,30,cpvert_4MeV_30tilt_45rot_det5.npy,1.2518,0.0107,40.9966,0.2041,0.7889,0.0075,123.0,8
463,cpvert,5,4,55,30,cpvert_4MeV_30tilt_55rot_det5.npy,1.2371,0.0101,41.0174,0.1853,0.78,0.0069,149.0,9
487,cpvert,5,4,75,30,cpvert_4MeV_30tilt_75rot_det5.npy,1.2723,0.0107,40.7764,0.2272,0.8086,0.009,101.0,10
499,cpvert,5,4,95,30,cpvert_4MeV_30tilt_95rot_det5.npy,1.2317,0.0105,40.6769,0.2248,0.7772,0.0076,111.0,11
343,cpvert,5,4,115,30,cpvert_4MeV_30tilt_115rot_det5.npy,1.2037,0.012,40.8818,0.2022,0.752,0.0085,120.0,12
355,cpvert,5,4,135,30,cpvert_4MeV_30tilt_135rot_det5.npy,1.2796,0.013,40.3498,0.1942,0.794,0.0085,110.0,13
392,cpvert,6,4,315,30,cpvert_4MeV_30tilt_315rot_det6.npy,0.8942,0.0079,31.6843,0.13,0.5427,0.0054,139.0,0
404,cpvert,6,4,335,30,cpvert_4MeV_30tilt_335rot_det6.npy,0.9192,0.0086,31.3898,0.1503,0.5542,0.0058,108.0,1
416,cpvert,6,4,345,30,cpvert_4MeV_30tilt_345rot_det6.npy,0.9135,0.0081,31.3365,0.1334,0.5476,0.0053,127.0,2
428,cpvert,6,4,355,30,cpvert_4MeV_30tilt_355rot_det6.npy,0.9454,0.0079,31.1579,0.1396,0.5688,0.0054,135.0,3
476,cpvert,6,4,5,30,cpvert_4MeV_30tilt_5rot_det6.npy,0.9271,0.0078,31.284,0.126,0.5567,0.0053,144.0,4
368,cpvert,6,4,15,30,cpvert_4MeV_30tilt_15rot_det6.npy,0.9047,0.0076,31.4499,0.1286,0.5475,0.0051,156.0,5
380,cpvert,6,4,25,30,cpvert_4MeV_30tilt_25rot_det6.npy,0.9223,0.0067,30.9164,0.1367,0.5583,0.0047,123.0,6
440,cpvert,6,4,35,30,cpvert_4MeV_30tilt_35rot_det6.npy,0.8843,0.0088,31.3591,0.1227,0.5366,0.006,135.0,7
452,cpvert,6,4,45,30,cpvert_4MeV_30tilt_45rot_det6.npy,0.8888,0.0086,31.1042,0.1322,0.5409,0.0059,120.0,8
464,cpvert,6,4,55,30,cpvert_4MeV_30tilt_55rot_det6.npy,0.865,0.0067,31.2302,0.1116,0.5259,0.0046,175.0,9
488,cpvert,6,4,75,30,cpvert_4MeV_30tilt_75rot_det6.npy,0.8515,0.0078,31.3583,0.1323,0.5164,0.0053,149.0,10
500,cpvert,6,4,95,30,cpvert_4MeV_30tilt_95rot_det6.npy,0.8463,0.0071,31.1441,0.1173,0.5125,0.005,160.0,11
344,cpvert,6,4,115,30,cpvert_4MeV_30tilt_115rot_det6.npy,0.847,0.0077,31.228,0.1194,0.5131,0.0052,159.0,12
356,cpvert,6,4,135,30,cpvert_4MeV_30tilt_135rot_det6.npy,0.8778,0.0077,30.9666,0.122,0.5297,0.0051,162.0,13
393,cpvert,7,4,315,30,cpvert_4MeV_30tilt_315rot_det7.npy,0.5171,0.0052,27.8427,0.1029,0.3008,0.0035,159.0,0
405,cpvert,7,4,335,30,cpvert_4MeV_30tilt_335rot_det7.npy,0.5346,0.0048,27.814,0.1059,0.3095,0.0032,153.0,1
417,cpvert,7,4,345,30,cpvert_4MeV_30tilt_345rot_det7.npy,0.542,0.0057,27.7799,0.0897,0.3145,0.0036,181.0,2
429,cpvert,7,4,355,30,cpvert_4MeV_30tilt_355rot_det7.npy,0.5436,0.0057,27.784,0.0994,0.3134,0.0038,156.0,3
477,cpvert,7,4,5,30,cpvert_4MeV_30tilt_5rot_det7.npy,0.5456,0.0056,27.7031,0.111,0.3142,0.0037,157.0,4
369,cpvert,7,4,15,30,cpvert_4MeV_30tilt_15rot_det7.npy,0.5538,0.0046,27.7119,0.0961,0.3191,0.0029,165.0,5
381,cpvert,7,4,25,30,cpvert_4MeV_30tilt_25rot_det7.npy,0.5337,0.0054,27.9118,0.1017,0.3091,0.0035,154.0,6
441,cpvert,7,4,35,30,cpvert_4MeV_30tilt_35rot_det7.npy,0.537,0.0059,27.8137,0.1002,0.3094,0.0039,159.0,7
453,cpvert,7,4,45,30,cpvert_4MeV_30tilt_45rot_det7.npy,0.5245,0.0059,27.5499,0.123,0.3036,0.0038,109.0,8
465,cpvert,7,4,55,30,cpvert_4MeV_30tilt_55rot_det7.npy,0.5169,0.0043,27.9369,0.089,0.2993,0.0027,182.0,9
489,cpvert,7,4,75,30,cpvert_4MeV_30tilt_75rot_det7.npy,0.5016,0.0051,27.7458,0.092,0.2885,0.0031,173.0,10
501,cpvert,7,4,95,30,cpvert_4MeV_30tilt_95rot_det7.npy,0.5017,0.0044,27.5189,0.105,0.288,0.0028,152.0,11
345,cpvert,7,4,115,30,cpvert_4MeV_30tilt_115rot_det7.npy,0.4971,0.0044,27.8525,0.0992,0.2837,0.0028,180.0,12
357,cpvert,7,4,135,30,cpvert_4MeV_30tilt_135rot_det7.npy,0.508,0.0047,27.5477,0.094,0.293,0.0033,159.0,13
394,cpvert,8,4,315,30,cpvert_4MeV_30tilt_315rot_det8.npy,0.2472,0.0028,27.7889,0.0861,0.1347,0.0017,142.0,0
406,cpvert,8,4,335,30,cpvert_4MeV_30tilt_335rot_det8.npy,0.248,0.0032,28.0042,0.0953,0.1349,0.0019,152.0,1
418,cpvert,8,4,345,30,cpvert_4MeV_30tilt_345rot_det8.npy,0.2561,0.0032,27.934,0.0861,0.14,0.0018,149.0,2
430,cpvert,8,4,355,30,cpvert_4MeV_30tilt_355rot_det8.npy,0.2578,0.0032,27.9197,0.0952,0.141,0.0019,128.0,3
478,cpvert,8,4,5,30,cpvert_4MeV_30tilt_5rot_det8.npy,0.2557,0.0035,28.0719,0.0993,0.1409,0.0021,131.0,4
370,cpvert,8,4,15,30,cpvert_4MeV_30tilt_15rot_det8.npy,0.2544,0.0034,28.1791,0.0888,0.1379,0.002,140.0,5
382,cpvert,8,4,25,30,cpvert_4MeV_30tilt_25rot_det8.npy,0.2598,0.0034,27.942,0.0852,0.1426,0.002,150.0,6
442,cpvert,8,4,35,30,cpvert_4MeV_30tilt_35rot_det8.npy,0.26,0.0034,27.8326,0.0856,0.1434,0.0021,142.0,7
454,cpvert,8,4,45,30,cpvert_4MeV_30tilt_45rot_det8.npy,0.2517,0.003,28.005,0.0899,0.1367,0.0018,147.0,8
466,cpvert,8,4,55,30,cpvert_4MeV_30tilt_55rot_det8.npy,0.2456,0.0025,27.8999,0.0717,0.133,0.0015,198.0,9
490,cpvert,8,4,75,30,cpvert_4MeV_30tilt_75rot_det8.npy,0.2325,0.0035,27.9068,0.0899,0.1252,0.002,148.0,10
502,cpvert,8,4,95,30,cpvert_4MeV_30tilt_95rot_det8.npy,0.2323,0.0028,27.9337,0.0883,0.1239,0.0017,149.0,11
346,cpvert,8,4,115,30,cpvert_4MeV_30tilt_115rot_det8.npy,0.2275,0.0027,27.864,0.0798,0.1208,0.0017,151.0,12
358,cpvert,8,4,135,30,cpvert_4MeV_30tilt_135rot_det8.npy,0.2304,0.0033,27.8402,0.0856,0.1227,0.0019,141.0,13
395,cpvert,9,4,315,30,cpvert_4MeV_30tilt_315rot_det9.npy,0.0783,0.0014,26.0022,0.0962,0.0387,0.0008,144.0,0
407,cpvert,9,4,335,30,cpvert_4MeV_30tilt_335rot_det9.npy,0.0779,0.0014,26.0393,0.0818,0.0386,0.0008,165.0,1
419,cpvert,9,4,345,30,cpvert_4MeV_30tilt_345rot_det9.npy,0.0781,0.0014,25.9289,0.0968,0.0395,0.0008,145.0,2
431,cpvert,9,4,355,30,cpvert_4MeV_30tilt_355rot_det9.npy,0.0792,0.0014,25.8155,0.091,0.0397,0.0008,161.0,3
479,cpvert,9,4,5,30,cpvert_4MeV_30tilt_5rot_det9.npy,0.0781,0.0014,25.9638,0.0955,0.0397,0.0008,157.0,4
371,cpvert,9,4,15,30,cpvert_4MeV_30tilt_15rot_det9.npy,0.0788,0.0016,26.007,0.1045,0.0399,0.0009,138.0,5
383,cpvert,9,4,25,30,cpvert_4MeV_30tilt_25rot_det9.npy,0.0806,0.0013,25.624,0.0899,0.0411,0.0008,162.0,6
443,cpvert,9,4,35,30,cpvert_4MeV_30tilt_35rot_det9.npy,0.0817,0.0016,25.8634,0.1013,0.0413,0.0009,135.0,7
455,cpvert,9,4,45,30,cpvert_4MeV_30tilt_45rot_det9.npy,0.0769,0.0015,25.8939,0.0963,0.0375,0.0008,126.0,8
467,cpvert,9,4,55,30,cpvert_4MeV_30tilt_55rot_det9.npy,0.0758,0.0012,25.6837,0.0809,0.0371,0.0007,188.0,9
491,cpvert,9,4,75,30,cpvert_4MeV_30tilt_75rot_det9.npy,0.0733,0.0013,25.7812,0.0952,0.0352,0.0007,159.0,10
503,cpvert,9,4,95,30,cpvert_4MeV_30tilt_95rot_det9.npy,0.0728,0.0013,25.9701,0.0761,0.0344,0.0007,166.0,11
347,cpvert,9,4,115,30,cpvert_4MeV_30tilt_115rot_det9.npy,0.0697,0.0013,25.8807,0.0856,0.0322,0.0007,163.0,12
359,cpvert,9,4,135,30,cpvert_4MeV_30tilt_135rot_det9.npy,0.0692,0.0012,25.7101,0.085,0.0317,0.0007,170.0,13
384,cpvert,10,4,315,30,cpvert_4MeV_30tilt_315rot_det10.npy,0.0748,0.0014,24.4153,0.0891,0.0373,0.0007,176.0,0
396,cpvert,10,4,335,30,cpvert_4MeV_30tilt_335rot_det10.npy,0.0739,0.0013,24.435,0.1055,0.0366,0.0007,162.0,1
408,cpvert,10,4,345,30,cpvert_4MeV_30tilt_345rot_det10.npy,0.0729,0.0013,24.413,0.1033,0.0354,0.0007,162.0,2
420,cpvert,10,4,355,30,cpvert_4MeV_30tilt_355rot_det10.npy,0.0684,0.0017,24.242,0.1036,0.034,0.0009,152.0,3
468,cpvert,10,4,5,30,cpvert_4MeV_30tilt_5rot_det10.npy,0.0734,0.0013,24.4636,0.0933,0.036,0.0007,163.0,4
360,cpvert,10,4,15,30,cpvert_4MeV_30tilt_15rot_det10.npy,0.0734,0.0013,24.2554,0.0935,0.0359,0.0008,146.0,5
372,cpvert,10,4,25,30,cpvert_4MeV_30tilt_25rot_det10.npy,0.0702,0.0012,24.2241,0.1052,0.0345,0.0007,166.0,6
432,cpvert,10,4,35,30,cpvert_4MeV_30tilt_35rot_det10.npy,0.0725,0.0015,24.4312,0.1068,0.0359,0.0008,160.0,7
444,cpvert,10,4,45,30,cpvert_4MeV_30tilt_45rot_det10.npy,0.0735,0.0014,24.4502,0.1019,0.0361,0.0008,152.0,8
456,cpvert,10,4,55,30,cpvert_4MeV_30tilt_55rot_det10.npy,0.0739,0.0013,24.288,0.0943,0.0366,0.0008,191.0,9
480,cpvert,10,4,75,30,cpvert_4MeV_30tilt_75rot_det10.npy,0.0782,0.0013,24.3558,0.0913,0.0384,0.0007,195.0,10
492,cpvert,10,4,95,30,cpvert_4MeV_30tilt_95rot_det10.npy,0.0769,0.0014,24.3931,0.0985,0.0376,0.0008,139.0,11
336,cpvert,10,4,115,30,cpvert_4MeV_30tilt_115rot_det10.npy,0.0735,0.0012,24.6999,0.0943,0.0352,0.0007,174.0,12
348,cpvert,10,4,135,30,cpvert_4MeV_30tilt_135rot_det10.npy,0.0749,0.0013,24.5158,0.0928,0.0346,0.0007,171.0,13
385,cpvert,11,4,315,30,cpvert_4MeV_30tilt_315rot_det11.npy,0.2445,0.0031,28.8076,0.0929,0.1333,0.002,171.0,0
397,cpvert,11,4,335,30,cpvert_4MeV_30tilt_335rot_det11.npy,0.2317,0.0029,28.8404,0.0857,0.1249,0.0017,177.0,1
409,cpvert,11,4,345,30,cpvert_4MeV_30tilt_345rot_det11.npy,0.2314,0.0027,28.8321,0.0894,0.1243,0.0016,176.0,2
421,cpvert,11,4,355,30,cpvert_4MeV_30tilt_355rot_det11.npy,0.2397,0.0027,28.8039,0.08,0.1284,0.0016,182.0,3
469,cpvert,11,4,5,30,cpvert_4MeV_30tilt_5rot_det11.npy,0.2329,0.0029,28.7232,0.0981,0.1259,0.0018,159.0,4
361,cpvert,11,4,15,30,cpvert_4MeV_30tilt_15rot_det11.npy,0.2325,0.0028,28.7537,0.096,0.1259,0.0017,143.0,5
373,cpvert,11,4,25,30,cpvert_4MeV_30tilt_25rot_det11.npy,0.2394,0.0028,28.7215,0.0855,0.1306,0.0016,154.0,6
433,cpvert,11,4,35,30,cpvert_4MeV_30tilt_35rot_det11.npy,0.2411,0.003,28.772,0.0922,0.131,0.0018,147.0,7
445,cpvert,11,4,45,30,cpvert_4MeV_30tilt_45rot_det11.npy,0.2515,0.0033,28.7921,0.0938,0.1363,0.002,140.0,8
457,cpvert,11,4,55,30,cpvert_4MeV_30tilt_55rot_det11.npy,0.2472,0.003,28.8141,0.0916,0.1347,0.0019,189.0,9
481,cpvert,11,4,75,30,cpvert_4MeV_30tilt_75rot_det11.npy,0.2547,0.0033,28.7567,0.0918,0.1384,0.0019,171.0,10
493,cpvert,11,4,95,30,cpvert_4MeV_30tilt_95rot_det11.npy,0.2509,0.0028,28.8635,0.0959,0.1362,0.0017,158.0,11
337,cpvert,11,4,115,30,cpvert_4MeV_30tilt_115rot_det11.npy,0.2549,0.0036,28.8981,0.089,0.1383,0.0021,122.0,12
349,cpvert,11,4,135,30,cpvert_4MeV_30tilt_135rot_det11.npy,0.2422,0.003,28.9223,0.0905,0.1306,0.0018,140.0,13
386,cpvert,12,4,315,30,cpvert_4MeV_30tilt_315rot_det12.npy,0.5211,0.0048,28.7715,0.1027,0.3019,0.0031,177.0,0
398,cpvert,12,4,335,30,cpvert_4MeV_30tilt_335rot_det12.npy,0.5167,0.0048,28.8412,0.1064,0.3017,0.0033,180.0,1
410,cpvert,12,4,345,30,cpvert_4MeV_30tilt_345rot_det12.npy,0.5088,0.0053,28.8298,0.0958,0.2954,0.0033,190.0,2
422,cpvert,12,4,355,30,cpvert_4MeV_30tilt_355rot_det12.npy,0.5081,0.0056,28.8299,0.1047,0.2927,0.0036,151.0,3
470,cpvert,12,4,5,30,cpvert_4MeV_30tilt_5rot_det12.npy,0.4987,0.0047,28.7561,0.0941,0.2886,0.0033,173.0,4
362,cpvert,12,4,15,30,cpvert_4MeV_30tilt_15rot_det12.npy,0.5,0.0047,28.74,0.0947,0.2875,0.003,176.0,5
374,cpvert,12,4,25,30,cpvert_4MeV_30tilt_25rot_det12.npy,0.5122,0.0051,28.7835,0.1034,0.2962,0.0032,156.0,6
434,cpvert,12,4,35,30,cpvert_4MeV_30tilt_35rot_det12.npy,0.5149,0.0055,28.9083,0.0901,0.298,0.0037,156.0,7
446,cpvert,12,4,45,30,cpvert_4MeV_30tilt_45rot_det12.npy,0.5304,0.005,28.8092,0.1106,0.3061,0.0032,169.0,8
458,cpvert,12,4,55,30,cpvert_4MeV_30tilt_55rot_det12.npy,0.5334,0.0048,28.6089,0.0892,0.307,0.003,193.0,9
482,cpvert,12,4,75,30,cpvert_4MeV_30tilt_75rot_det12.npy,0.5513,0.0045,28.811,0.1009,0.3179,0.0028,173.0,10
494,cpvert,12,4,95,30,cpvert_4MeV_30tilt_95rot_det12.npy,0.5696,0.0056,28.961,0.1001,0.3291,0.004,142.0,11
338,cpvert,12,4,115,30,cpvert_4MeV_30tilt_115rot_det12.npy,0.5495,0.0055,28.9889,0.1043,0.3195,0.0036,146.0,12
350,cpvert,12,4,135,30,cpvert_4MeV_30tilt_135rot_det12.npy,0.5308,0.0044,29.1439,0.0981,0.3071,0.0028,165.0,13
387,cpvert,13,4,315,30,cpvert_4MeV_30tilt_315rot_det13.npy,0.898,0.0079,33.6688,0.1412,0.5471,0.0052,143.0,0
399,cpvert,13,4,335,30,cpvert_4MeV_30tilt_335rot_det13.npy,0.8714,0.0075,33.4885,0.1406,0.5328,0.0052,152.0,1
411,cpvert,13,4,345,30,cpvert_4MeV_30tilt_345rot_det13.npy,0.857,0.0081,33.8627,0.1406,0.5242,0.0054,167.0,2
423,cpvert,13,4,355,30,cpvert_4MeV_30tilt_355rot_det13.npy,0.862,0.0076,33.4787,0.1298,0.5261,0.0051,158.0,3
471,cpvert,13,4,5,30,cpvert_4MeV_30tilt_5rot_det13.npy,0.8457,0.0077,33.5999,0.1305,0.513,0.0051,165.0,4
363,cpvert,13,4,15,30,cpvert_4MeV_30tilt_15rot_det13.npy,0.8445,0.0082,33.5452,0.1352,0.5114,0.0056,147.0,5
375,cpvert,13,4,25,30,cpvert_4MeV_30tilt_25rot_det13.npy,0.865,0.0078,33.6178,0.1337,0.5245,0.0054,150.0,6
435,cpvert,13,4,35,30,cpvert_4MeV_30tilt_35rot_det13.npy,0.8555,0.0066,33.7254,0.1428,0.5186,0.0045,148.0,7
447,cpvert,13,4,45,30,cpvert_4MeV_30tilt_45rot_det13.npy,0.8666,0.0075,33.7039,0.1251,0.5234,0.005,169.0,8
459,cpvert,13,4,55,30,cpvert_4MeV_30tilt_55rot_det13.npy,0.8704,0.0075,33.8721,0.13,0.525,0.005,176.0,9
483,cpvert,13,4,75,30,cpvert_4MeV_30tilt_75rot_det13.npy,0.9194,0.0074,33.9427,0.1488,0.5508,0.0049,123.0,10
495,cpvert,13,4,95,30,cpvert_4MeV_30tilt_95rot_det13.npy,0.9326,0.0073,33.8724,0.135,0.5617,0.0049,151.0,11
339,cpvert,13,4,115,30,cpvert_4MeV_30tilt_115rot_det13.npy,0.9236,0.0066,34.0732,0.1348,0.5562,0.0043,147.0,12
351,cpvert,13,4,135,30,cpvert_4MeV_30tilt_135rot_det13.npy,0.9008,0.0075,33.7034,0.1346,0.5485,0.0053,145.0,13
388,cpvert,14,4,315,30,cpvert_4MeV_30tilt_315rot_det14.npy,1.3092,0.012,42.9004,0.2341,0.8219,0.0085,118.0,0
400,cpvert,14,4,335,30,cpvert_4MeV_30tilt_335rot_det14.npy,1.2929,0.0113,43.176,0.2159,0.8138,0.0078,123.0,1
412,cpvert,14,4,345,30,cpvert_4MeV_30tilt_345rot_det14.npy,1.2443,0.0119,43.1956,0.2239,0.7829,0.0084,120.0,2
424,cpvert,14,4,355,30,cpvert_4MeV_30tilt_355rot_det14.npy,1.2252,0.0104,43.1915,0.2117,0.7722,0.0072,140.0,3
472,cpvert,14,4,5,30,cpvert_4MeV_30tilt_5rot_det14.npy,1.2213,0.0118,43.3151,0.2292,0.7661,0.0081,124.0,4
364,cpvert,14,4,15,30,cpvert_4MeV_30tilt_15rot_det14.npy,1.2016,0.0117,43.6849,0.2015,0.7552,0.008,133.0,5
376,cpvert,14,4,25,30,cpvert_4MeV_30tilt_25rot_det14.npy,1.2054,0.0105,43.0355,0.2019,0.7579,0.0078,122.0,6
436,cpvert,14,4,35,30,cpvert_4MeV_30tilt_35rot_det14.npy,1.2422,0.0105,43.366,0.22,0.7799,0.0078,120.0,7
448,cpvert,14,4,45,30,cpvert_4MeV_30tilt_45rot_det14.npy,1.2249,0.0123,43.3473,0.2297,0.7643,0.0088,98.0,8
460,cpvert,14,4,55,30,cpvert_4MeV_30tilt_55rot_det14.npy,1.2389,0.0099,43.0907,0.2259,0.7792,0.007,138.0,9
484,cpvert,14,4,75,30,cpvert_4MeV_30tilt_75rot_det14.npy,1.2728,0.0134,43.3024,0.2059,0.796,0.0091,122.0,10
496,cpvert,14,4,95,30,cpvert_4MeV_30tilt_95rot_det14.npy,1.3391,0.0112,43.4689,0.2296,0.8277,0.0075,108.0,11
340,cpvert,14,4,115,30,cpvert_4MeV_30tilt_115rot_det14.npy,1.3222,0.012,43.7326,0.2496,0.8143,0.0082,94.0,12
352,cpvert,14,4,135,30,cpvert_4MeV_30tilt_135rot_det14.npy,1.2942,0.0117,43.4684,0.1996,0.8106,0.0084,125.0,13
389,cpvert,15,4,315,30,cpvert_4MeV_30tilt_315rot_det15.npy,1.6669,0.0205,66.5499,0.4733,1.0569,0.014,87.0,0
401,cpvert,15,4,335,30,cpvert_4MeV_30tilt_335rot_det15.npy,1.5988,0.0204,66.433,0.4506,1.0252,0.0143,88.0,1
413,cpvert,15,4,345,30,cpvert_4MeV_30tilt_345rot_det15.npy,1.6141,0.0171,65.9669,0.4292,1.0378,0.0126,92.0,2
425,cpvert,15,4,355,30,cpvert_4MeV_30tilt_355rot_det15.npy,1.6239,0.0166,66.8402,0.4195,1.0482,0.012,90.0,3
473,cpvert,15,4,5,30,cpvert_4MeV_30tilt_5rot_det15.npy,1.5768,0.0181,66.8762,0.4857,1.0126,0.0125,70.0,4
365,cpvert,15,4,15,30,cpvert_4MeV_30tilt_15rot_det15.npy,1.5463,0.0202,66.7983,0.5227,0.9926,0.0141,75.0,5
377,cpvert,15,4,25,30,cpvert_4MeV_30tilt_25rot_det15.npy,1.5616,0.0161,67.0862,0.513,1.0037,0.0116,69.0,6
437,cpvert,15,4,35,30,cpvert_4MeV_30tilt_35rot_det15.npy,1.5326,0.0186,65.7309,0.4719,0.984,0.0133,85.0,7
449,cpvert,15,4,45,30,cpvert_4MeV_30tilt_45rot_det15.npy,1.5662,0.0167,66.9461,0.5119,1.0061,0.0121,71.0,8
461,cpvert,15,4,55,30,cpvert_4MeV_30tilt_55rot_det15.npy,1.5735,0.0167,66.0868,0.4364,1.0095,0.0113,90.0,9
485,cpvert,15,4,75,30,cpvert_4MeV_30tilt_75rot_det15.npy,1.5909,0.0217,66.5285,0.4231,1.0126,0.015,95.0,10
497,cpvert,15,4,95,30,cpvert_4MeV_30tilt_95rot_det15.npy,1.6367,0.0219,68.3675,0.5068,1.0347,0.0143,75.0,11
341,cpvert,15,4,115,30,cpvert_4MeV_30tilt_115rot_det15.npy,1.6325,0.0268,67.3105,0.5538,1.0238,0.0172,62.0,12
353,cpvert,15,4,135,30,cpvert_4MeV_30tilt_135rot_det15.npy,1.7074,0.0178,67.6774,0.5333,1.0766,0.0127,72.0,13
726,cpvert,4,4,315,-30,cpvert_4MeV_neg30tilt_315rot_det4.npy,1.6785,0.0178,66.1974,0.552,1.0637,0.0121,59.0,0
738,cpvert,4,4,335,-30,cpvert_4MeV_neg30tilt_335rot_det4.npy,1.6827,0.0193,65.4904,0.5281,1.0556,0.0134,76.0,1
750,cpvert,4,4,345,-30,cpvert_4MeV_neg30tilt_345rot_det4.npy,1.6545,0.0184,66.3944,0.4725,1.0417,0.0129,88.0,2
762,cpvert,4,4,355,-30,cpvert_4MeV_neg30tilt_355rot_det4.npy,1.6748,0.0193,65.1002,0.5433,1.0597,0.0141,63.0,3
810,cpvert,4,4,5,-30,cpvert_4MeV_neg30tilt_5rot_det4.npy,1.6066,0.0179,65.3513,0.6132,1.02,0.0129,65.0,4
702,cpvert,4,4,15,-30,cpvert_4MeV_neg30tilt_15rot_det4.npy,1.5937,0.0176,65.1085,0.5347,1.0172,0.0121,77.0,5
714,cpvert,4,4,25,-30,cpvert_4MeV_neg30tilt_25rot_det4.npy,1.5762,0.0181,65.2002,0.4286,1.015,0.0118,77.0,6
774,cpvert,4,4,35,-30,cpvert_4MeV_neg30tilt_35rot_det4.npy,1.549,0.0226,64.9116,0.6215,0.9931,0.0157,66.0,7
786,cpvert,4,4,45,-30,cpvert_4MeV_neg30tilt_45rot_det4.npy,1.5111,0.0257,65.7182,0.5847,0.968,0.0171,68.0,8
798,cpvert,4,4,55,-30,cpvert_4MeV_neg30tilt_55rot_det4.npy,1.5416,0.0176,65.3146,0.5288,0.9868,0.0126,67.0,9
822,cpvert,4,4,75,-30,cpvert_4MeV_neg30tilt_75rot_det4.npy,1.5331,0.0194,63.763,0.4975,0.9841,0.0134,78.0,10
834,cpvert,4,4,95,-30,cpvert_4MeV_neg30tilt_95rot_det4.npy,1.5738,0.0175,64.9267,0.4646,1.0114,0.0127,91.0,11
678,cpvert,4,4,115,-30,cpvert_4MeV_neg30tilt_115rot_det4.npy,1.5948,0.0178,65.0352,0.495,1.0205,0.0123,84.0,12
690,cpvert,4,4,135,-30,cpvert_4MeV_neg30tilt_135rot_det4.npy,1.6763,0.0158,63.8361,0.4346,1.0645,0.0115,95.0,13
727,cpvert,5,4,315,-30,cpvert_4MeV_neg30tilt_315rot_det5.npy,1.3246,0.0128,41.3605,0.2492,0.8317,0.0088,80.0,0
739,cpvert,5,4,335,-30,cpvert_4MeV_neg30tilt_335rot_det5.npy,1.3445,0.0105,41.107,0.232,0.8343,0.007,103.0,1
751,cpvert,5,4,345,-30,cpvert_4MeV_neg30tilt_345rot_det5.npy,1.3286,0.0139,41.2821,0.2252,0.8238,0.0097,123.0,2
763,cpvert,5,4,355,-30,cpvert_4MeV_neg30tilt_355rot_det5.npy,1.3456,0.0122,41.3821,0.2115,0.83,0.0084,117.0,3
811,cpvert,5,4,5,-30,cpvert_4MeV_neg30tilt_5rot_det5.npy,1.3098,0.0122,40.762,0.2275,0.8132,0.0082,100.0,4
703,cpvert,5,4,15,-30,cpvert_4MeV_neg30tilt_15rot_det5.npy,1.2602,0.0148,41.1653,0.222,0.7841,0.0098,99.0,5
715,cpvert,5,4,25,-30,cpvert_4MeV_neg30tilt_25rot_det5.npy,1.2842,0.0115,40.6424,0.2061,0.8055,0.0078,103.0,6
775,cpvert,5,4,35,-30,cpvert_4MeV_neg30tilt_35rot_det5.npy,1.2394,0.0115,41.2162,0.2045,0.7783,0.0082,113.0,7
787,cpvert,5,4,45,-30,cpvert_4MeV_neg30tilt_45rot_det5.npy,1.2223,0.0124,41.229,0.2172,0.7682,0.0086,97.0,8
799,cpvert,5,4,55,-30,cpvert_4MeV_neg30tilt_55rot_det5.npy,1.2286,0.0114,41.0353,0.247,0.7721,0.0079,88.0,9
823,cpvert,5,4,75,-30,cpvert_4MeV_neg30tilt_75rot_det5.npy,1.2065,0.0116,41.358,0.2369,0.7577,0.0082,100.0,10
835,cpvert,5,4,95,-30,cpvert_4MeV_neg30tilt_95rot_det5.npy,1.2281,0.0119,40.9987,0.2219,0.771,0.0082,104.0,11
679,cpvert,5,4,115,-30,cpvert_4MeV_neg30tilt_115rot_det5.npy,1.243,0.0096,40.7392,0.2201,0.7824,0.0067,129.0,12
691,cpvert,5,4,135,-30,cpvert_4MeV_neg30tilt_135rot_det5.npy,1.307,0.0123,40.1863,0.2209,0.8146,0.0085,93.0,13
728,cpvert,6,4,315,-30,cpvert_4MeV_neg30tilt_315rot_det6.npy,0.8859,0.0085,31.4557,0.1527,0.5373,0.0057,112.0,0
740,cpvert,6,4,335,-30,cpvert_4MeV_neg30tilt_335rot_det6.npy,0.935,0.0069,31.4902,0.124,0.5639,0.0045,121.0,1
752,cpvert,6,4,345,-30,cpvert_4MeV_neg30tilt_345rot_det6.npy,0.9311,0.0076,31.5212,0.1207,0.5602,0.0051,147.0,2
764,cpvert,6,4,355,-30,cpvert_4MeV_neg30tilt_355rot_det6.npy,0.9361,0.0084,31.3151,0.14,0.5642,0.0061,116.0,3
812,cpvert,6,4,5,-30,cpvert_4MeV_neg30tilt_5rot_det6.npy,0.9253,0.0081,31.4182,0.1334,0.5543,0.0054,124.0,4
704,cpvert,6,4,15,-30,cpvert_4MeV_neg30tilt_15rot_det6.npy,0.9147,0.008,31.4015,0.1323,0.5505,0.0054,133.0,5
716,cpvert,6,4,25,-30,cpvert_4MeV_neg30tilt_25rot_det6.npy,0.8891,0.008,31.39,0.1283,0.5356,0.0055,139.0,6
776,cpvert,6,4,35,-30,cpvert_4MeV_neg30tilt_35rot_det6.npy,0.8776,0.0078,31.4305,0.1231,0.5312,0.0054,146.0,7
788,cpvert,6,4,45,-30,cpvert_4MeV_neg30tilt_45rot_det6.npy,0.8765,0.0084,31.3335,0.1343,0.5301,0.0057,122.0,8
800,cpvert,6,4,55,-30,cpvert_4MeV_neg30tilt_55rot_det6.npy,0.8535,0.0081,31.6625,0.133,0.5182,0.0056,126.0,9
824,cpvert,6,4,75,-30,cpvert_4MeV_neg30tilt_75rot_det6.npy,0.8395,0.0082,31.4798,0.1327,0.5083,0.0055,120.0,10
836,cpvert,6,4,95,-30,cpvert_4MeV_neg30tilt_95rot_det6.npy,0.8522,0.007,31.3291,0.1298,0.5159,0.0048,140.0,11
680,cpvert,6,4,115,-30,cpvert_4MeV_neg30tilt_115rot_det6.npy,0.8596,0.0078,31.1628,0.1235,0.5238,0.0053,142.0,12
692,cpvert,6,4,135,-30,cpvert_4MeV_neg30tilt_135rot_det6.npy,0.8887,0.0076,31.026,0.1163,0.541,0.0051,146.0,13
729,cpvert,7,4,315,-30,cpvert_4MeV_neg30tilt_315rot_det7.npy,0.5261,0.0051,27.9062,0.101,0.3037,0.0035,141.0,0
741,cpvert,7,4,335,-30,cpvert_4MeV_neg30tilt_335rot_det7.npy,0.5529,0.0056,27.8082,0.1058,0.3219,0.0035,128.0,1
753,cpvert,7,4,345,-30,cpvert_4MeV_neg30tilt_345rot_det7.npy,0.5511,0.0054,27.9362,0.0971,0.3199,0.0033,161.0,2
765,cpvert,7,4,355,-30,cpvert_4MeV_neg30tilt_355rot_det7.npy,0.5531,0.0056,27.8112,0.1079,0.3199,0.0036,140.0,3
813,cpvert,7,4,5,-30,cpvert_4MeV_neg30tilt_5rot_det7.npy,0.5533,0.0049,27.7351,0.1035,0.3176,0.0031,146.0,4
705,cpvert,7,4,15,-30,cpvert_4MeV_neg30tilt_15rot_det7.npy,0.5464,0.0057,27.8612,0.1079,0.3142,0.0037,151.0,5
717,cpvert,7,4,25,-30,cpvert_4MeV_neg30tilt_25rot_det7.npy,0.5447,0.0048,27.9025,0.1047,0.3166,0.0036,132.0,6
777,cpvert,7,4,35,-30,cpvert_4MeV_neg30tilt_35rot_det7.npy,0.5199,0.0054,27.9233,0.1105,0.299,0.0034,146.0,7
789,cpvert,7,4,45,-30,cpvert_4MeV_neg30tilt_45rot_det7.npy,0.5057,0.0067,28.1029,0.1103,0.2898,0.0043,135.0,8
801,cpvert,7,4,55,-30,cpvert_4MeV_neg30tilt_55rot_det7.npy,0.5098,0.0052,28.0995,0.1083,0.2926,0.0034,148.0,9
825,cpvert,7,4,75,-30,cpvert_4MeV_neg30tilt_75rot_det7.npy,0.4978,0.0047,27.8553,0.1002,0.2869,0.003,164.0,10
837,cpvert,7,4,95,-30,cpvert_4MeV_neg30tilt_95rot_det7.npy,0.4844,0.0057,27.8373,0.1036,0.278,0.0037,153.0,11
681,cpvert,7,4,115,-30,cpvert_4MeV_neg30tilt_115rot_det7.npy,0.5066,0.0049,27.8193,0.1056,0.2931,0.0032,164.0,12
693,cpvert,7,4,135,-30,cpvert_4MeV_neg30tilt_135rot_det7.npy,0.5075,0.0052,27.7641,0.0963,0.2947,0.0033,187.0,13
730,cpvert,8,4,315,-30,cpvert_4MeV_neg30tilt_315rot_det8.npy,0.2456,0.0031,28.0607,0.1015,0.1325,0.0019,119.0,0
742,cpvert,8,4,335,-30,cpvert_4MeV_neg30tilt_335rot_det8.npy,0.2423,0.0021,28.0986,0.1049,0.1309,0.0014,101.0,1
754,cpvert,8,4,345,-30,cpvert_4MeV_neg30tilt_345rot_det8.npy,0.2489,0.0031,27.8419,0.0845,0.1356,0.0018,178.0,2
766,cpvert,8,4,355,-30,cpvert_4MeV_neg30tilt_355rot_det8.npy,0.2582,0.0031,27.9624,0.0973,0.1399,0.002,124.0,3
814,cpvert,8,4,5,-30,cpvert_4MeV_neg30tilt_5rot_det8.npy,0.2541,0.0036,28.029,0.1002,0.1375,0.0021,124.0,4
706,cpvert,8,4,15,-30,cpvert_4MeV_neg30tilt_15rot_det8.npy,0.2599,0.0032,27.9641,0.0847,0.1421,0.0019,143.0,5
718,cpvert,8,4,25,-30,cpvert_4MeV_neg30tilt_25rot_det8.npy,0.2612,0.0029,27.9403,0.0939,0.1424,0.0018,134.0,6
778,cpvert,8,4,35,-30,cpvert_4MeV_neg30tilt_35rot_det8.npy,0.2471,0.0031,27.9136,0.0978,0.1336,0.0018,146.0,7
790,cpvert,8,4,45,-30,cpvert_4MeV_neg30tilt_45rot_det8.npy,0.2473,0.003,28.0678,0.1007,0.1334,0.0018,152.0,8
802,cpvert,8,4,55,-30,cpvert_4MeV_neg30tilt_55rot_det8.npy,0.2447,0.003,28.0181,0.0921,0.1313,0.0018,128.0,9
826,cpvert,8,4,75,-30,cpvert_4MeV_neg30tilt_75rot_det8.npy,0.2331,0.0031,28.1197,0.0838,0.1245,0.0018,151.0,10
838,cpvert,8,4,95,-30,cpvert_4MeV_neg30tilt_95rot_det8.npy,0.2378,0.0033,27.9269,0.1035,0.1284,0.002,122.0,11
682,cpvert,8,4,115,-30,cpvert_4MeV_neg30tilt_115rot_det8.npy,0.2361,0.0027,27.9084,0.0863,0.1262,0.0016,159.0,12
694,cpvert,8,4,135,-30,cpvert_4MeV_neg30tilt_135rot_det8.npy,0.2299,0.0031,27.9358,0.0824,0.1232,0.0017,154.0,13
731,cpvert,9,4,315,-30,cpvert_4MeV_neg30tilt_315rot_det9.npy,0.0708,0.0016,25.853,0.1002,0.0328,0.0008,131.0,0
743,cpvert,9,4,335,-30,cpvert_4MeV_neg30tilt_335rot_det9.npy,0.0769,0.0017,25.8183,0.1124,0.0363,0.0009,121.0,1
755,cpvert,9,4,345,-30,cpvert_4MeV_neg30tilt_345rot_det9.npy,0.0773,0.0014,25.8904,0.0986,0.0374,0.0008,131.0,2
767,cpvert,9,4,355,-30,cpvert_4MeV_neg30tilt_355rot_det9.npy,0.081,0.0014,25.8166,0.0992,0.0396,0.0008,124.0,3
815,cpvert,9,4,5,-30,cpvert_4MeV_neg30tilt_5rot_det9.npy,0.0787,0.0015,25.8777,0.1068,0.0381,0.0008,126.0,4
707,cpvert,9,4,15,-30,cpvert_4MeV_neg30tilt_15rot_det9.npy,0.0792,0.0017,25.7786,0.0921,0.039,0.0009,152.0,5
719,cpvert,9,4,25,-30,cpvert_4MeV_neg30tilt_25rot_det9.npy,0.0787,0.0016,25.8046,0.0962,0.0389,0.0009,125.0,6
779,cpvert,9,4,35,-30,cpvert_4MeV_neg30tilt_35rot_det9.npy,0.0782,0.0014,25.7796,0.0948,0.0388,0.0008,148.0,7
791,cpvert,9,4,45,-30,cpvert_4MeV_neg30tilt_45rot_det9.npy,0.0788,0.0015,25.9546,0.0969,0.0384,0.0009,129.0,8
803,cpvert,9,4,55,-30,cpvert_4MeV_neg30tilt_55rot_det9.npy,0.0754,0.0014,25.8059,0.0969,0.0375,0.0008,143.0,9
827,cpvert,9,4,75,-30,cpvert_4MeV_neg30tilt_75rot_det9.npy,0.0734,0.0013,25.7627,0.0882,0.0362,0.0008,144.0,10
839,cpvert,9,4,95,-30,cpvert_4MeV_neg30tilt_95rot_det9.npy,0.0669,0.0011,25.9034,0.1055,0.0318,0.0006,110.0,11
683,cpvert,9,4,115,-30,cpvert_4MeV_neg30tilt_115rot_det9.npy,0.0733,0.0013,25.8825,0.0824,0.035,0.0007,162.0,12
695,cpvert,9,4,135,-30,cpvert_4MeV_neg30tilt_135rot_det9.npy,0.0717,0.0017,25.8866,0.084,0.0349,0.001,132.0,13
720,cpvert,10,4,315,-30,cpvert_4MeV_neg30tilt_315rot_det10.npy,0.0682,0.0014,24.3835,0.1092,0.0308,0.0008,139.0,0
732,cpvert,10,4,335,-30,cpvert_4MeV_neg30tilt_335rot_det10.npy,0.0682,0.0013,24.4488,0.1041,0.0308,0.0007,146.0,1
744,cpvert,10,4,345,-30,cpvert_4MeV_neg30tilt_345rot_det10.npy,0.0664,0.0012,24.4526,0.104,0.0305,0.0006,161.0,2
756,cpvert,10,4,355,-30,cpvert_4MeV_neg30tilt_355rot_det10.npy,0.0694,0.0014,24.3863,0.1061,0.0324,0.0008,157.0,3
804,cpvert,10,4,5,-30,cpvert_4MeV_neg30tilt_5rot_det10.npy,0.0701,0.0017,24.5406,0.1092,0.0328,0.0009,123.0,4
696,cpvert,10,4,15,-30,cpvert_4MeV_neg30tilt_15rot_det10.npy,0.0688,0.0015,24.494,0.1064,0.0328,0.0008,149.0,5
708,cpvert,10,4,25,-30,cpvert_4MeV_neg30tilt_25rot_det10.npy,0.0716,0.0014,24.2626,0.1094,0.0347,0.0007,137.0,6
768,cpvert,10,4,35,-30,cpvert_4MeV_neg30tilt_35rot_det10.npy,0.0723,0.0013,24.2171,0.0995,0.0354,0.0007,134.0,7
780,cpvert,10,4,45,-30,cpvert_4MeV_neg30tilt_45rot_det10.npy,0.0745,0.0015,24.0992,0.1,0.0362,0.0008,114.0,8
792,cpvert,10,4,55,-30,cpvert_4MeV_neg30tilt_55rot_det10.npy,0.0743,0.0013,24.5472,0.1213,0.0366,0.0007,128.0,9
816,cpvert,10,4,75,-30,cpvert_4MeV_neg30tilt_75rot_det10.npy,0.0781,0.0015,24.434,0.1063,0.0389,0.0008,150.0,10
828,cpvert,10,4,95,-30,cpvert_4MeV_neg30tilt_95rot_det10.npy,0.073,0.0013,24.2876,0.1004,0.036,0.0007,149.0,11
672,cpvert,10,4,115,-30,cpvert_4MeV_neg30tilt_115rot_det10.npy,0.0719,0.0012,24.4117,0.1083,0.0349,0.0007,156.0,12
684,cpvert,10,4,135,-30,cpvert_4MeV_neg30tilt_135rot_det10.npy,0.0732,0.0013,24.5705,0.0948,0.0357,0.0008,162.0,13
721,cpvert,11,4,315,-30,cpvert_4MeV_neg30tilt_315rot_det11.npy,0.2347,0.0032,29.085,0.0979,0.1254,0.0019,144.0,0
733,cpvert,11,4,335,-30,cpvert_4MeV_neg30tilt_335rot_det11.npy,0.231,0.0032,28.9554,0.0933,0.1213,0.0019,157.0,1
745,cpvert,11,4,345,-30,cpvert_4MeV_neg30tilt_345rot_det11.npy,0.2337,0.0027,28.9692,0.0984,0.1248,0.0017,159.0,2
757,cpvert,11,4,355,-30,cpvert_4MeV_neg30tilt_355rot_det11.npy,0.2338,0.0026,28.7304,0.0949,0.1245,0.0015,154.0,3
805,cpvert,11,4,5,-30,cpvert_4MeV_neg30tilt_5rot_det11.npy,0.2343,0.0033,28.872,0.1044,0.1262,0.0019,140.0,4
697,cpvert,11,4,15,-30,cpvert_4MeV_neg30tilt_15rot_det11.npy,0.236,0.0029,28.8711,0.0905,0.1269,0.0017,171.0,5
709,cpvert,11,4,25,-30,cpvert_4MeV_neg30tilt_25rot_det11.npy,0.234,0.0034,29.032,0.1209,0.1271,0.002,126.0,6
769,cpvert,11,4,35,-30,cpvert_4MeV_neg30tilt_35rot_det11.npy,0.2371,0.0033,28.7664,0.0981,0.1281,0.0019,156.0,7
781,cpvert,11,4,45,-30,cpvert_4MeV_neg30tilt_45rot_det11.npy,0.2453,0.0033,28.9126,0.1078,0.1332,0.002,129.0,8
793,cpvert,11,4,55,-30,cpvert_4MeV_neg30tilt_55rot_det11.npy,0.2449,0.0031,28.6038,0.1017,0.1331,0.0019,146.0,9
817,cpvert,11,4,75,-30,cpvert_4MeV_neg30tilt_75rot_det11.npy,0.2515,0.0031,28.752,0.1067,0.1368,0.0018,154.0,10
829,cpvert,11,4,95,-30,cpvert_4MeV_neg30tilt_95rot_det11.npy,0.2409,0.0032,29.1786,0.1053,0.1312,0.002,137.0,11
673,cpvert,11,4,115,-30,cpvert_4MeV_neg30tilt_115rot_det11.npy,0.238,0.0032,28.9812,0.0953,0.1294,0.002,170.0,12
685,cpvert,11,4,135,-30,cpvert_4MeV_neg30tilt_135rot_det11.npy,0.2357,0.0027,29.0147,0.102,0.1271,0.0016,145.0,13
722,cpvert,12,4,315,-30,cpvert_4MeV_neg30tilt_315rot_det12.npy,0.5073,0.0056,28.8276,0.1121,0.2926,0.0037,140.0,0
734,cpvert,12,4,335,-30,cpvert_4MeV_neg30tilt_335rot_det12.npy,0.4928,0.0058,28.7859,0.1024,0.2829,0.0037,177.0,1
746,cpvert,12,4,345,-30,cpvert_4MeV_neg30tilt_345rot_det12.npy,0.5032,0.0047,28.7636,0.0938,0.2893,0.0031,174.0,2
758,cpvert,12,4,355,-30,cpvert_4MeV_neg30tilt_355rot_det12.npy,0.4899,0.0052,28.691,0.0978,0.2815,0.0033,176.0,3
806,cpvert,12,4,5,-30,cpvert_4MeV_neg30tilt_5rot_det12.npy,0.5096,0.0051,28.5375,0.1174,0.2926,0.0034,125.0,4
698,cpvert,12,4,15,-30,cpvert_4MeV_neg30tilt_15rot_det12.npy,0.5126,0.0059,28.8044,0.0982,0.296,0.0039,143.0,5
710,cpvert,12,4,25,-30,cpvert_4MeV_neg30tilt_25rot_det12.npy,0.4995,0.0047,28.8207,0.1091,0.2891,0.0032,156.0,6
770,cpvert,12,4,35,-30,cpvert_4MeV_neg30tilt_35rot_det12.npy,0.5093,0.0057,28.6402,0.1083,0.2937,0.0036,139.0,7
782,cpvert,12,4,45,-30,cpvert_4MeV_neg30tilt_45rot_det12.npy,0.5213,0.0062,28.913,0.1173,0.302,0.004,115.0,8
794,cpvert,12,4,55,-30,cpvert_4MeV_neg30tilt_55rot_det12.npy,0.5344,0.0051,28.6847,0.1124,0.3107,0.0033,138.0,9
818,cpvert,12,4,75,-30,cpvert_4MeV_neg30tilt_75rot_det12.npy,0.5483,0.0054,28.7699,0.1033,0.3177,0.0036,136.0,10
830,cpvert,12,4,95,-30,cpvert_4MeV_neg30tilt_95rot_det12.npy,0.5364,0.0053,28.8853,0.1079,0.3095,0.0034,157.0,11
674,cpvert,12,4,115,-30,cpvert_4MeV_neg30tilt_115rot_det12.npy,0.5153,0.005,29.0303,0.1122,0.2962,0.0032,139.0,12
686,cpvert,12,4,135,-30,cpvert_4MeV_neg30tilt_135rot_det12.npy,0.5166,0.005,28.9821,0.1004,0.298,0.0033,168.0,13
723,cpvert,13,4,315,-30,cpvert_4MeV_neg30tilt_315rot_det13.npy,0.8974,0.007,33.676,0.1594,0.545,0.0053,109.0,0
735,cpvert,13,4,335,-30,cpvert_4MeV_neg30tilt_335rot_det13.npy,0.8556,0.0074,33.2383,0.1212,0.5201,0.005,133.0,1
747,cpvert,13,4,345,-30,cpvert_4MeV_neg30tilt_345rot_det13.npy,0.8655,0.0072,33.3528,0.1254,0.5241,0.0049,159.0,2
759,cpvert,13,4,355,-30,cpvert_4MeV_neg30tilt_355rot_det13.npy,0.8498,0.0071,33.4894,0.1401,0.5151,0.0047,143.0,3
807,cpvert,13,4,5,-30,cpvert_4MeV_neg30tilt_5rot_det13.npy,0.8407,0.0075,33.8387,0.1508,0.5077,0.0051,130.0,4
699,cpvert,13,4,15,-30,cpvert_4MeV_neg30tilt_15rot_det13.npy,0.835,0.0076,33.5779,0.145,0.5055,0.0051,158.0,5
711,cpvert,13,4,25,-30,cpvert_4MeV_neg30tilt_25rot_det13.npy,0.8479,0.0072,33.3953,0.1423,0.5125,0.0049,146.0,6
771,cpvert,13,4,35,-30,cpvert_4MeV_neg30tilt_35rot_det13.npy,0.8776,0.008,33.4704,0.1385,0.5344,0.0057,134.0,7
783,cpvert,13,4,45,-30,cpvert_4MeV_neg30tilt_45rot_det13.npy,0.8602,0.0072,33.6364,0.1278,0.5219,0.0051,127.0,8
795,cpvert,13,4,55,-30,cpvert_4MeV_neg30tilt_55rot_det13.npy,0.8935,0.0076,33.6441,0.1432,0.5413,0.0052,129.0,9
819,cpvert,13,4,75,-30,cpvert_4MeV_neg30tilt_75rot_det13.npy,0.9163,0.0086,33.6286,0.1354,0.5563,0.0056,138.0,10
831,cpvert,13,4,95,-30,cpvert_4MeV_neg30tilt_95rot_det13.npy,0.9076,0.0084,33.6999,0.1477,0.5444,0.0059,148.0,11
675,cpvert,13,4,115,-30,cpvert_4MeV_neg30tilt_115rot_det13.npy,0.8952,0.0082,33.704,0.1527,0.5393,0.0056,133.0,12
687,cpvert,13,4,135,-30,cpvert_4MeV_neg30tilt_135rot_det13.npy,0.8787,0.0082,34.0069,0.1237,0.5333,0.0057,160.0,13
724,cpvert,14,4,315,-30,cpvert_4MeV_neg30tilt_315rot_det14.npy,1.3076,0.0123,43.0226,0.2379,0.8095,0.0086,95.0,0
736,cpvert,14,4,335,-30,cpvert_4MeV_neg30tilt_335rot_det14.npy,1.2409,0.0114,42.8605,0.223,0.7794,0.008,120.0,1
748,cpvert,14,4,345,-30,cpvert_4MeV_neg30tilt_345rot_det14.npy,1.2366,0.0114,43.1297,0.2437,0.7754,0.0082,106.0,2
760,cpvert,14,4,355,-30,cpvert_4MeV_neg30tilt_355rot_det14.npy,1.2367,0.0101,42.8923,0.2315,0.7782,0.0072,121.0,3
808,cpvert,14,4,5,-30,cpvert_4MeV_neg30tilt_5rot_det14.npy,1.2026,0.0116,43.1077,0.2218,0.7558,0.0082,111.0,4
700,cpvert,14,4,15,-30,cpvert_4MeV_neg30tilt_15rot_det14.npy,1.2261,0.0093,42.8842,0.1857,0.7717,0.0069,155.0,5
712,cpvert,14,4,25,-30,cpvert_4MeV_neg30tilt_25rot_det14.npy,1.2114,0.0118,42.9403,0.1858,0.7636,0.0087,131.0,6
772,cpvert,14,4,35,-30,cpvert_4MeV_neg30tilt_35rot_det14.npy,1.2031,0.0127,43.0671,0.2089,0.7564,0.0088,115.0,7
784,cpvert,14,4,45,-30,cpvert_4MeV_neg30tilt_45rot_det14.npy,1.2192,0.0137,43.2468,0.2367,0.7648,0.0095,101.0,8
796,cpvert,14,4,55,-30,cpvert_4MeV_neg30tilt_55rot_det14.npy,1.2459,0.0128,43.3104,0.2335,0.7838,0.0091,108.0,9
820,cpvert,14,4,75,-30,cpvert_4MeV_neg30tilt_75rot_det14.npy,1.2955,0.0135,43.5458,0.2325,0.8074,0.0094,98.0,10
832,cpvert,14,4,95,-30,cpvert_4MeV_neg30tilt_95rot_det14.npy,1.3192,0.0133,42.9579,0.2428,0.8173,0.0087,100.0,11
676,cpvert,14,4,115,-30,cpvert_4MeV_neg30tilt_115rot_det14.npy,1.3211,0.012,43.4961,0.2415,0.8178,0.0083,111.0,12
688,cpvert,14,4,135,-30,cpvert_4MeV_neg30tilt_135rot_det14.npy,1.2725,0.0143,43.375,0.2457,0.7948,0.0097,105.0,13
725,cpvert,15,4,315,-30,cpvert_4MeV_neg30tilt_315rot_det15.npy,1.6071,0.0234,66.9916,0.5692,1.0198,0.0161,59.0,0
737,cpvert,15,4,335,-30,cpvert_4MeV_neg30tilt_335rot_det15.npy,1.6012,0.0163,66.1945,0.5735,1.0208,0.0124,67.0,1
749,cpvert,15,4,345,-30,cpvert_4MeV_neg30tilt_345rot_det15.npy,1.5349,0.0246,67.6656,0.565,0.9811,0.0162,72.0,2
761,cpvert,15,4,355,-30,cpvert_4MeV_neg30tilt_355rot_det15.npy,1.5546,0.0182,67.2874,0.5081,0.9867,0.0121,66.0,3
809,cpvert,15,4,5,-30,cpvert_4MeV_neg30tilt_5rot_det15.npy,1.5341,0.0201,66.1252,0.5914,0.9809,0.0138,59.0,4
701,cpvert,15,4,15,-30,cpvert_4MeV_neg30tilt_15rot_det15.npy,1.5163,0.0184,66.2418,0.4582,0.9744,0.0127,76.0,5
713,cpvert,15,4,25,-30,cpvert_4MeV_neg30tilt_25rot_det15.npy,1.4663,0.0261,66.6554,0.5464,0.9463,0.0186,72.0,6
773,cpvert,15,4,35,-30,cpvert_4MeV_neg30tilt_35rot_det15.npy,1.5355,0.0166,65.8507,0.5261,0.989,0.012,79.0,7
785,cpvert,15,4,45,-30,cpvert_4MeV_neg30tilt_45rot_det15.npy,1.5424,0.0247,66.5556,0.5876,0.9891,0.0168,46.0,8
797,cpvert,15,4,55,-30,cpvert_4MeV_neg30tilt_55rot_det15.npy,1.5804,0.0179,66.4843,0.5354,1.0132,0.013,76.0,9
821,cpvert,15,4,75,-30,cpvert_4MeV_neg30tilt_75rot_det15.npy,1.636,0.0177,66.4394,0.4806,1.0513,0.0121,79.0,10
833,cpvert,15,4,95,-30,cpvert_4MeV_neg30tilt_95rot_det15.npy,1.6638,0.0194,65.6627,0.5467,1.0533,0.0142,66.0,11
677,cpvert,15,4,115,-30,cpvert_4MeV_neg30tilt_115rot_det15.npy,1.6203,0.0276,66.2329,0.5063,1.0194,0.0181,75.0,12
689,cpvert,15,4,135,-30,cpvert_4MeV_neg30tilt_135rot_det15.npy,1.6358,0.0174,67.0367,0.4657,1.0366,0.0122,85.0,13
222,cpvert,4,4,315,15,cpvert_4MeV_15tilt_315rot_det4.npy,1.7064,0.019,66.1382,0.4718,1.0848,0.0134,68.0,0
234,cpvert,4,4,335,15,cpvert_4MeV_15tilt_335rot_det4.npy,1.7027,0.017,64.82,0.4832,1.0714,0.0113,82.0,1
246,cpvert,4,4,345,15,cpvert_4MeV_15tilt_345rot_det4.npy,1.6891,0.0169,65.1351,0.4033,1.0715,0.0117,91.0,2
258,cpvert,4,4,355,15,cpvert_4MeV_15tilt_355rot_det4.npy,1.7097,0.0184,65.0018,0.474,1.0826,0.0132,66.0,3
306,cpvert,4,4,5,15,cpvert_4MeV_15tilt_5rot_det4.npy,1.6516,0.0193,65.6932,0.4393,1.0562,0.0129,93.0,4
198,cpvert,4,4,15,15,cpvert_4MeV_15tilt_15rot_det4.npy,1.6066,0.0259,65.8665,0.501,1.0222,0.0178,79.0,5
210,cpvert,4,4,25,15,cpvert_4MeV_15tilt_25rot_det4.npy,1.5942,0.0195,65.359,0.5226,1.0277,0.0141,72.0,6
270,cpvert,4,4,35,15,cpvert_4MeV_15tilt_35rot_det4.npy,1.6394,0.0154,65.4894,0.6196,1.0509,0.0102,55.0,7
282,cpvert,4,4,45,15,cpvert_4MeV_15tilt_45rot_det4.npy,1.5756,0.0237,65.4431,0.4484,1.0133,0.0163,76.0,8
294,cpvert,4,4,55,15,cpvert_4MeV_15tilt_55rot_det4.npy,1.6006,0.0197,65.5302,0.4515,1.026,0.0136,88.0,9
318,cpvert,4,4,75,15,cpvert_4MeV_15tilt_75rot_det4.npy,1.6065,0.0198,63.893,0.4973,1.0284,0.0149,66.0,10
330,cpvert,4,4,95,15,cpvert_4MeV_15tilt_95rot_det4.npy,1.6402,0.0155,64.3524,0.5126,1.0552,0.0113,79.0,11
174,cpvert,4,4,115,15,cpvert_4MeV_15tilt_115rot_det4.npy,1.6591,0.0218,63.9346,0.4839,1.0587,0.0154,74.0,12
186,cpvert,4,4,135,15,cpvert_4MeV_15tilt_135rot_det4.npy,1.6414,0.02,64.6475,0.4668,1.033,0.0136,75.0,13
223,cpvert,5,4,315,15,cpvert_4MeV_15tilt_315rot_det5.npy,1.3208,0.0115,40.8753,0.2047,0.8238,0.0079,114.0,0
235,cpvert,5,4,335,15,cpvert_4MeV_15tilt_335rot_det5.npy,1.3438,0.0108,40.7641,0.2241,0.8339,0.0073,113.0,1
247,cpvert,5,4,345,15,cpvert_4MeV_15tilt_345rot_det5.npy,1.3369,0.0124,40.6164,0.1956,0.8314,0.0084,132.0,2
259,cpvert,5,4,355,15,cpvert_4MeV_15tilt_355rot_det5.npy,1.3729,0.0104,40.9558,0.2235,0.8503,0.0074,102.0,3
307,cpvert,5,4,5,15,cpvert_4MeV_15tilt_5rot_det5.npy,1.3525,0.0135,40.808,0.2025,0.8395,0.0096,105.0,4
199,cpvert,5,4,15,15,cpvert_4MeV_15tilt_15rot_det5.npy,1.3291,0.0126,41.4287,0.2215,0.8336,0.0087,102.0,5
211,cpvert,5,4,25,15,cpvert_4MeV_15tilt_25rot_det5.npy,1.3068,0.01,41.0606,0.193,0.8186,0.0075,123.0,6
271,cpvert,5,4,35,15,cpvert_4MeV_15tilt_35rot_det5.npy,1.3126,0.0114,41.0506,0.2052,0.8284,0.0083,120.0,7
283,cpvert,5,4,45,15,cpvert_4MeV_15tilt_45rot_det5.npy,1.2879,0.0125,40.8076,0.198,0.8118,0.0087,110.0,8
295,cpvert,5,4,55,15,cpvert_4MeV_15tilt_55rot_det5.npy,1.2825,0.0092,40.8024,0.1796,0.8093,0.0066,150.0,9
319,cpvert,5,4,75,15,cpvert_4MeV_15tilt_75rot_det5.npy,1.2469,0.0115,41.0474,0.1979,0.7808,0.0081,128.0,10
331,cpvert,5,4,95,15,cpvert_4MeV_15tilt_95rot_det5.npy,1.2638,0.0126,40.5435,0.1963,0.7945,0.0087,138.0,11
175,cpvert,5,4,115,15,cpvert_4MeV_15tilt_115rot_det5.npy,1.3044,0.011,40.8166,0.2012,0.8156,0.0071,115.0,12
187,cpvert,5,4,135,15,cpvert_4MeV_15tilt_135rot_det5.npy,1.311,0.0132,40.5235,0.214,0.8148,0.0091,125.0,13
224,cpvert,6,4,315,15,cpvert_4MeV_15tilt_315rot_det6.npy,0.9117,0.0075,31.3278,0.1292,0.5554,0.0052,140.0,0
236,cpvert,6,4,335,15,cpvert_4MeV_15tilt_335rot_det6.npy,0.9285,0.008,31.2509,0.1179,0.5625,0.0054,155.0,1
248,cpvert,6,4,345,15,cpvert_4MeV_15tilt_345rot_det6.npy,0.9466,0.0075,31.2799,0.1281,0.5691,0.005,156.0,2
260,cpvert,6,4,355,15,cpvert_4MeV_15tilt_355rot_det6.npy,0.945,0.0073,31.1655,0.1206,0.569,0.0049,152.0,3
308,cpvert,6,4,5,15,cpvert_4MeV_15tilt_5rot_det6.npy,0.9531,0.0086,31.3724,0.1263,0.573,0.0057,152.0,4
200,cpvert,6,4,15,15,cpvert_4MeV_15tilt_15rot_det6.npy,0.9383,0.008,31.1982,0.133,0.5649,0.0052,147.0,5
212,cpvert,6,4,25,15,cpvert_4MeV_15tilt_25rot_det6.npy,0.9336,0.0085,31.271,0.1305,0.5668,0.0061,145.0,6
272,cpvert,6,4,35,15,cpvert_4MeV_15tilt_35rot_det6.npy,0.9051,0.0084,31.1624,0.1366,0.5487,0.0055,134.0,7
284,cpvert,6,4,45,15,cpvert_4MeV_15tilt_45rot_det6.npy,0.9059,0.0088,31.2301,0.1355,0.5516,0.0059,138.0,8
296,cpvert,6,4,55,15,cpvert_4MeV_15tilt_55rot_det6.npy,0.9196,0.0068,31.1971,0.1321,0.5601,0.0047,156.0,9
320,cpvert,6,4,75,15,cpvert_4MeV_15tilt_75rot_det6.npy,0.8767,0.0085,31.1971,0.1374,0.5335,0.0053,148.0,10
332,cpvert,6,4,95,15,cpvert_4MeV_15tilt_95rot_det6.npy,0.8846,0.0073,31.1294,0.1437,0.5371,0.0052,124.0,11
176,cpvert,6,4,115,15,cpvert_4MeV_15tilt_115rot_det6.npy,0.8878,0.0078,31.0197,0.1252,0.5372,0.0055,148.0,12
188,cpvert,6,4,135,15,cpvert_4MeV_15tilt_135rot_det6.npy,0.8759,0.0091,31.2323,0.1248,0.5294,0.0061,144.0,13
225,cpvert,7,4,315,15,cpvert_4MeV_15tilt_315rot_det7.npy,0.5348,0.0048,27.6536,0.0895,0.3096,0.003,159.0,0
237,cpvert,7,4,335,15,cpvert_4MeV_15tilt_335rot_det7.npy,0.5387,0.0054,27.8548,0.1006,0.3123,0.0034,165.0,1
249,cpvert,7,4,345,15,cpvert_4MeV_15tilt_345rot_det7.npy,0.5493,0.0047,27.705,0.1039,0.3173,0.0029,174.0,2
261,cpvert,7,4,355,15,cpvert_4MeV_15tilt_355rot_det7.npy,0.5539,0.0055,27.5373,0.0929,0.3187,0.0037,159.0,3
309,cpvert,7,4,5,15,cpvert_4MeV_15tilt_5rot_det7.npy,0.5525,0.0055,27.5941,0.0941,0.3176,0.0034,165.0,4
201,cpvert,7,4,15,15,cpvert_4MeV_15tilt_15rot_det7.npy,0.5544,0.0046,27.6799,0.0954,0.32,0.003,168.0,5
213,cpvert,7,4,25,15,cpvert_4MeV_15tilt_25rot_det7.npy,0.546,0.0047,27.7885,0.1097,0.3162,0.003,135.0,6
273,cpvert,7,4,35,15,cpvert_4MeV_15tilt_35rot_det7.npy,0.542,0.0057,27.7822,0.1021,0.3143,0.0037,149.0,7
285,cpvert,7,4,45,15,cpvert_4MeV_15tilt_45rot_det7.npy,0.5326,0.0057,27.92,0.0943,0.308,0.0036,168.0,8
297,cpvert,7,4,55,15,cpvert_4MeV_15tilt_55rot_det7.npy,0.5236,0.0051,27.8208,0.0951,0.3043,0.0033,169.0,9
321,cpvert,7,4,75,15,cpvert_4MeV_15tilt_75rot_det7.npy,0.5207,0.0052,27.5898,0.096,0.3014,0.0036,168.0,10
333,cpvert,7,4,95,15,cpvert_4MeV_15tilt_95rot_det7.npy,0.512,0.0046,27.6914,0.116,0.2949,0.0032,147.0,11
177,cpvert,7,4,115,15,cpvert_4MeV_15tilt_115rot_det7.npy,0.5343,0.0048,27.5745,0.0914,0.3084,0.003,162.0,12
189,cpvert,7,4,135,15,cpvert_4MeV_15tilt_135rot_det7.npy,0.5158,0.0053,27.5759,0.1064,0.2973,0.0034,137.0,13
226,cpvert,8,4,315,15,cpvert_4MeV_15tilt_315rot_det8.npy,0.2545,0.0028,27.8597,0.0881,0.138,0.0017,133.0,0
238,cpvert,8,4,335,15,cpvert_4MeV_15tilt_335rot_det8.npy,0.2574,0.003,27.8844,0.0844,0.1406,0.0017,150.0,1
250,cpvert,8,4,345,15,cpvert_4MeV_15tilt_345rot_det8.npy,0.2606,0.003,27.8127,0.0848,0.1432,0.0018,146.0,2
262,cpvert,8,4,355,15,cpvert_4MeV_15tilt_355rot_det8.npy,0.265,0.0031,27.9649,0.0795,0.1465,0.002,159.0,3
310,cpvert,8,4,5,15,cpvert_4MeV_15tilt_5rot_det8.npy,0.2629,0.0029,27.9041,0.0956,0.144,0.0017,133.0,4
202,cpvert,8,4,15,15,cpvert_4MeV_15tilt_15rot_det8.npy,0.2616,0.0031,27.676,0.0969,0.1435,0.0019,135.0,5
214,cpvert,8,4,25,15,cpvert_4MeV_15tilt_25rot_det8.npy,0.2597,0.0032,27.9045,0.0809,0.1428,0.0019,169.0,6
274,cpvert,8,4,35,15,cpvert_4MeV_15tilt_35rot_det8.npy,0.2597,0.0034,27.9115,0.0922,0.1425,0.002,139.0,7
286,cpvert,8,4,45,15,cpvert_4MeV_15tilt_45rot_det8.npy,0.2562,0.0032,27.7849,0.0938,0.1406,0.002,127.0,8
298,cpvert,8,4,55,15,cpvert_4MeV_15tilt_55rot_det8.npy,0.2494,0.0028,28.0245,0.0854,0.135,0.0017,172.0,9
322,cpvert,8,4,75,15,cpvert_4MeV_15tilt_75rot_det8.npy,0.2488,0.003,27.916,0.0943,0.1344,0.0019,135.0,10
334,cpvert,8,4,95,15,cpvert_4MeV_15tilt_95rot_det8.npy,0.245,0.0029,27.8917,0.0836,0.1321,0.0017,160.0,11
178,cpvert,8,4,115,15,cpvert_4MeV_15tilt_115rot_det8.npy,0.2479,0.0028,28.1096,0.087,0.1334,0.0017,162.0,12
190,cpvert,8,4,135,15,cpvert_4MeV_15tilt_135rot_det8.npy,0.2386,0.0028,27.9014,0.0888,0.128,0.0017,143.0,13
227,cpvert,9,4,315,15,cpvert_4MeV_15tilt_315rot_det9.npy,0.0796,0.0013,25.893,0.089,0.0406,0.0007,164.0,0
239,cpvert,9,4,335,15,cpvert_4MeV_15tilt_335rot_det9.npy,0.0792,0.0015,25.8464,0.0809,0.0403,0.0008,168.0,1
251,cpvert,9,4,345,15,cpvert_4MeV_15tilt_345rot_det9.npy,0.0833,0.0014,25.8511,0.097,0.0423,0.0008,150.0,2
263,cpvert,9,4,355,15,cpvert_4MeV_15tilt_355rot_det9.npy,0.0812,0.0015,25.8223,0.0917,0.0419,0.0008,157.0,3
311,cpvert,9,4,5,15,cpvert_4MeV_15tilt_5rot_det9.npy,0.0796,0.0014,25.7652,0.0942,0.0413,0.0008,157.0,4
203,cpvert,9,4,15,15,cpvert_4MeV_15tilt_15rot_det9.npy,0.079,0.0013,25.7491,0.0974,0.0402,0.0008,142.0,5
215,cpvert,9,4,25,15,cpvert_4MeV_15tilt_25rot_det9.npy,0.0814,0.0013,25.7916,0.0844,0.0416,0.0008,163.0,6
275,cpvert,9,4,35,15,cpvert_4MeV_15tilt_35rot_det9.npy,0.0782,0.0015,25.7878,0.0985,0.0402,0.0009,150.0,7
287,cpvert,9,4,45,15,cpvert_4MeV_15tilt_45rot_det9.npy,0.0808,0.0015,25.9268,0.0978,0.0407,0.0008,138.0,8
299,cpvert,9,4,55,15,cpvert_4MeV_15tilt_55rot_det9.npy,0.0796,0.0014,25.7137,0.0898,0.0399,0.0008,165.0,9
323,cpvert,9,4,75,15,cpvert_4MeV_15tilt_75rot_det9.npy,0.0789,0.0014,25.7782,0.0946,0.0385,0.0008,154.0,10
335,cpvert,9,4,95,15,cpvert_4MeV_15tilt_95rot_det9.npy,0.0761,0.0013,26.0085,0.0885,0.0369,0.0007,179.0,11
179,cpvert,9,4,115,15,cpvert_4MeV_15tilt_115rot_det9.npy,0.079,0.0012,25.8407,0.0935,0.0381,0.0007,134.0,12
191,cpvert,9,4,135,15,cpvert_4MeV_15tilt_135rot_det9.npy,0.0744,0.0013,25.807,0.0885,0.0357,0.0007,178.0,13
216,cpvert,10,4,315,15,cpvert_4MeV_15tilt_315rot_det10.npy,0.0818,0.0013,24.2691,0.0886,0.0411,0.0007,165.0,0
228,cpvert,10,4,335,15,cpvert_4MeV_15tilt_335rot_det10.npy,0.079,0.0014,24.381,0.0984,0.0396,0.0008,187.0,1
240,cpvert,10,4,345,15,cpvert_4MeV_15tilt_345rot_det10.npy,0.0784,0.0012,24.4021,0.0904,0.0391,0.0007,194.0,2
252,cpvert,10,4,355,15,cpvert_4MeV_15tilt_355rot_det10.npy,0.0742,0.0018,24.4802,0.104,0.037,0.001,171.0,3
300,cpvert,10,4,5,15,cpvert_4MeV_15tilt_5rot_det10.npy,0.0771,0.0012,24.3798,0.0975,0.0385,0.0007,167.0,4
192,cpvert,10,4,15,15,cpvert_4MeV_15tilt_15rot_det10.npy,0.0793,0.0013,24.2519,0.0833,0.04,0.0007,173.0,5
204,cpvert,10,4,25,15,cpvert_4MeV_15tilt_25rot_det10.npy,0.0792,0.0014,24.41,0.0937,0.0394,0.0008,145.0,6
264,cpvert,10,4,35,15,cpvert_4MeV_15tilt_35rot_det10.npy,0.0782,0.0013,24.4148,0.0974,0.0396,0.0008,161.0,7
276,cpvert,10,4,45,15,cpvert_4MeV_15tilt_45rot_det10.npy,0.081,0.0013,24.2858,0.0977,0.0405,0.0007,150.0,8
288,cpvert,10,4,55,15,cpvert_4MeV_15tilt_55rot_det10.npy,0.083,0.0014,24.2708,0.0988,0.0427,0.0008,156.0,9
312,cpvert,10,4,75,15,cpvert_4MeV_15tilt_75rot_det10.npy,0.08,0.0015,24.3595,0.1009,0.0407,0.0008,141.0,10
324,cpvert,10,4,95,15,cpvert_4MeV_15tilt_95rot_det10.npy,0.075,0.0018,24.491,0.1078,0.0375,0.001,147.0,11
168,cpvert,10,4,115,15,cpvert_4MeV_15tilt_115rot_det10.npy,0.0787,0.0015,24.4424,0.1005,0.0384,0.0008,140.0,12
180,cpvert,10,4,135,15,cpvert_4MeV_15tilt_135rot_det10.npy,0.0788,0.0015,24.5523,0.1125,0.039,0.0008,150.0,13
217,cpvert,11,4,315,15,cpvert_4MeV_15tilt_315rot_det11.npy,0.2522,0.0029,28.7754,0.0957,0.137,0.0018,163.0,0
229,cpvert,11,4,335,15,cpvert_4MeV_15tilt_335rot_det11.npy,0.2543,0.0029,28.9021,0.0988,0.1374,0.0017,163.0,1
241,cpvert,11,4,345,15,cpvert_4MeV_15tilt_345rot_det11.npy,0.2499,0.0027,28.6641,0.0857,0.1365,0.0016,186.0,2
253,cpvert,11,4,355,15,cpvert_4MeV_15tilt_355rot_det11.npy,0.2428,0.0028,28.7656,0.0874,0.1322,0.0017,186.0,3
301,cpvert,11,4,5,15,cpvert_4MeV_15tilt_5rot_det11.npy,0.2498,0.0031,28.753,0.0922,0.1354,0.0019,162.0,4
193,cpvert,11,4,15,15,cpvert_4MeV_15tilt_15rot_det11.npy,0.2492,0.0029,28.6013,0.0912,0.1342,0.0018,149.0,5
205,cpvert,11,4,25,15,cpvert_4MeV_15tilt_25rot_det11.npy,0.247,0.0031,28.9864,0.0964,0.1349,0.002,176.0,6
265,cpvert,11,4,35,15,cpvert_4MeV_15tilt_35rot_det11.npy,0.25,0.0031,28.766,0.1058,0.1353,0.0019,135.0,7
277,cpvert,11,4,45,15,cpvert_4MeV_15tilt_45rot_det11.npy,0.2528,0.0028,28.7938,0.096,0.1376,0.0017,139.0,8
289,cpvert,11,4,55,15,cpvert_4MeV_15tilt_55rot_det11.npy,0.2514,0.0029,28.8281,0.0923,0.1376,0.0017,169.0,9
313,cpvert,11,4,75,15,cpvert_4MeV_15tilt_75rot_det11.npy,0.261,0.0035,28.8482,0.1031,0.1423,0.0022,143.0,10
325,cpvert,11,4,95,15,cpvert_4MeV_15tilt_95rot_det11.npy,0.2612,0.0028,28.8499,0.0972,0.1432,0.0017,178.0,11
169,cpvert,11,4,115,15,cpvert_4MeV_15tilt_115rot_det11.npy,0.2592,0.0029,28.7405,0.0868,0.1404,0.0018,137.0,12
181,cpvert,11,4,135,15,cpvert_4MeV_15tilt_135rot_det11.npy,0.2495,0.0026,28.9331,0.0877,0.1352,0.0016,163.0,13
218,cpvert,12,4,315,15,cpvert_4MeV_15tilt_315rot_det12.npy,0.5436,0.0055,28.7232,0.1085,0.3162,0.0036,140.0,0
230,cpvert,12,4,335,15,cpvert_4MeV_15tilt_335rot_det12.npy,0.5397,0.0051,28.6065,0.0895,0.3132,0.0033,179.0,1
242,cpvert,12,4,345,15,cpvert_4MeV_15tilt_345rot_det12.npy,0.5305,0.0046,28.7489,0.0955,0.3071,0.003,170.0,2
254,cpvert,12,4,355,15,cpvert_4MeV_15tilt_355rot_det12.npy,0.5211,0.0044,28.9853,0.0964,0.3007,0.0029,161.0,3
302,cpvert,12,4,5,15,cpvert_4MeV_15tilt_5rot_det12.npy,0.5306,0.0048,28.7868,0.0932,0.3065,0.0031,181.0,4
194,cpvert,12,4,15,15,cpvert_4MeV_15tilt_15rot_det12.npy,0.5361,0.0053,28.7326,0.0976,0.3117,0.0036,154.0,5
206,cpvert,12,4,25,15,cpvert_4MeV_15tilt_25rot_det12.npy,0.529,0.0061,28.9457,0.1029,0.3041,0.004,139.0,6
266,cpvert,12,4,35,15,cpvert_4MeV_15tilt_35rot_det12.npy,0.5334,0.0045,28.7646,0.1042,0.3098,0.0028,163.0,7
278,cpvert,12,4,45,15,cpvert_4MeV_15tilt_45rot_det12.npy,0.5276,0.0055,28.9069,0.1025,0.3046,0.0035,151.0,8
290,cpvert,12,4,55,15,cpvert_4MeV_15tilt_55rot_det12.npy,0.544,0.0048,28.7352,0.0984,0.314,0.0031,174.0,9
314,cpvert,12,4,75,15,cpvert_4MeV_15tilt_75rot_det12.npy,0.5581,0.0048,28.767,0.0906,0.322,0.0031,177.0,10
326,cpvert,12,4,95,15,cpvert_4MeV_15tilt_95rot_det12.npy,0.5499,0.0055,28.7889,0.0984,0.3173,0.0034,179.0,11
170,cpvert,12,4,115,15,cpvert_4MeV_15tilt_115rot_det12.npy,0.5518,0.0049,28.8525,0.0932,0.3185,0.0032,163.0,12
182,cpvert,12,4,135,15,cpvert_4MeV_15tilt_135rot_det12.npy,0.5457,0.0052,28.8714,0.1172,0.3153,0.0035,146.0,13
219,cpvert,13,4,315,15,cpvert_4MeV_15tilt_315rot_det13.npy,0.8996,0.0079,33.7539,0.1391,0.546,0.0054,154.0,0
231,cpvert,13,4,335,15,cpvert_4MeV_15tilt_335rot_det13.npy,0.901,0.0083,33.6908,0.1356,0.5486,0.0055,149.0,1
243,cpvert,13,4,345,15,cpvert_4MeV_15tilt_345rot_det13.npy,0.8985,0.0078,33.5938,0.129,0.5427,0.0052,154.0,2
255,cpvert,13,4,355,15,cpvert_4MeV_15tilt_355rot_det13.npy,0.886,0.0066,33.6392,0.1316,0.5373,0.0045,167.0,3
303,cpvert,13,4,5,15,cpvert_4MeV_15tilt_5rot_det13.npy,0.892,0.007,33.4796,0.1305,0.5438,0.0048,173.0,4
195,cpvert,13,4,15,15,cpvert_4MeV_15tilt_15rot_det13.npy,0.8834,0.0072,33.7427,0.1226,0.5376,0.0049,182.0,5
207,cpvert,13,4,25,15,cpvert_4MeV_15tilt_25rot_det13.npy,0.879,0.008,33.5476,0.1511,0.5343,0.0054,142.0,6
267,cpvert,13,4,35,15,cpvert_4MeV_15tilt_35rot_det13.npy,0.8696,0.0088,33.7989,0.1252,0.5277,0.0059,158.0,7
279,cpvert,13,4,45,15,cpvert_4MeV_15tilt_45rot_det13.npy,0.9122,0.008,33.6283,0.143,0.5503,0.0055,137.0,8
291,cpvert,13,4,55,15,cpvert_4MeV_15tilt_55rot_det13.npy,0.9057,0.0077,33.8472,0.1341,0.5494,0.0055,150.0,9
315,cpvert,13,4,75,15,cpvert_4MeV_15tilt_75rot_det13.npy,0.9306,0.0075,33.8877,0.115,0.5618,0.0051,186.0,10
327,cpvert,13,4,95,15,cpvert_4MeV_15tilt_95rot_det13.npy,0.9362,0.0072,33.5825,0.1257,0.5633,0.0049,158.0,11
171,cpvert,13,4,115,15,cpvert_4MeV_15tilt_115rot_det13.npy,0.93,0.0083,33.9892,0.1307,0.5649,0.006,167.0,12
183,cpvert,13,4,135,15,cpvert_4MeV_15tilt_135rot_det13.npy,0.929,0.0079,33.7758,0.1312,0.5629,0.0055,143.0,13
220,cpvert,14,4,315,15,cpvert_4MeV_15tilt_315rot_det14.npy,1.3148,0.0114,43.2871,0.2049,0.8218,0.0083,131.0,0
232,cpvert,14,4,335,15,cpvert_4MeV_15tilt_335rot_det14.npy,1.285,0.0116,43.2374,0.1926,0.8066,0.0081,126.0,1
244,cpvert,14,4,345,15,cpvert_4MeV_15tilt_345rot_det14.npy,1.2776,0.0111,43.0574,0.2134,0.8062,0.0076,128.0,2
256,cpvert,14,4,355,15,cpvert_4MeV_15tilt_355rot_det14.npy,1.2847,0.0115,43.2647,0.2066,0.8125,0.0079,124.0,3
304,cpvert,14,4,5,15,cpvert_4MeV_15tilt_5rot_det14.npy,1.2563,0.0125,43.5412,0.1923,0.794,0.0087,130.0,4
196,cpvert,14,4,15,15,cpvert_4MeV_15tilt_15rot_det14.npy,1.2646,0.011,42.9282,0.2234,0.794,0.0075,126.0,5
208,cpvert,14,4,25,15,cpvert_4MeV_15tilt_25rot_det14.npy,1.2873,0.0095,43.0328,0.2208,0.8161,0.0068,124.0,6
268,cpvert,14,4,35,15,cpvert_4MeV_15tilt_35rot_det14.npy,1.2756,0.0118,43.1368,0.2165,0.8019,0.0083,116.0,7
280,cpvert,14,4,45,15,cpvert_4MeV_15tilt_45rot_det14.npy,1.2543,0.012,43.2456,0.2165,0.7826,0.0084,104.0,8
292,cpvert,14,4,55,15,cpvert_4MeV_15tilt_55rot_det14.npy,1.2559,0.0127,42.8181,0.2149,0.7846,0.0088,118.0,9
316,cpvert,14,4,75,15,cpvert_4MeV_15tilt_75rot_det14.npy,1.2807,0.012,43.4304,0.2157,0.7942,0.0085,120.0,10
328,cpvert,14,4,95,15,cpvert_4MeV_15tilt_95rot_det14.npy,1.3307,0.013,43.4113,0.2441,0.826,0.009,104.0,11
172,cpvert,14,4,115,15,cpvert_4MeV_15tilt_115rot_det14.npy,1.3554,0.0109,43.593,0.2177,0.8429,0.0073,123.0,12
184,cpvert,14,4,135,15,cpvert_4MeV_15tilt_135rot_det14.npy,1.3278,0.012,43.7094,0.2,0.8326,0.0081,119.0,13
221,cpvert,15,4,315,15,cpvert_4MeV_15tilt_315rot_det15.npy,1.6668,0.0193,66.6642,0.5446,1.0531,0.0138,65.0,0
233,cpvert,15,4,335,15,cpvert_4MeV_15tilt_335rot_det15.npy,1.6365,0.0171,66.5503,0.4495,1.0429,0.0115,91.0,1
245,cpvert,15,4,345,15,cpvert_4MeV_15tilt_345rot_det15.npy,1.6253,0.0214,66.8983,0.527,1.0435,0.0151,91.0,2
257,cpvert,15,4,355,15,cpvert_4MeV_15tilt_355rot_det15.npy,1.6056,0.02,65.847,0.5059,1.0275,0.0139,96.0,3
305,cpvert,15,4,5,15,cpvert_4MeV_15tilt_5rot_det15.npy,1.6108,0.0192,67.1303,0.5658,1.0345,0.0127,74.0,4
197,cpvert,15,4,15,15,cpvert_4MeV_15tilt_15rot_det15.npy,1.6162,0.0165,66.7198,0.482,1.0392,0.0118,101.0,5
209,cpvert,15,4,25,15,cpvert_4MeV_15tilt_25rot_det15.npy,1.6309,0.0165,66.361,0.5207,1.0434,0.0119,66.0,6
269,cpvert,15,4,35,15,cpvert_4MeV_15tilt_35rot_det15.npy,1.6518,0.0168,66.193,0.4536,1.0605,0.0119,67.0,7
281,cpvert,15,4,45,15,cpvert_4MeV_15tilt_45rot_det15.npy,1.5905,0.0208,65.2949,0.5321,1.0233,0.0151,68.0,8
293,cpvert,15,4,55,15,cpvert_4MeV_15tilt_55rot_det15.npy,1.6239,0.0198,66.2242,0.4513,1.0422,0.0138,75.0,9
317,cpvert,15,4,75,15,cpvert_4MeV_15tilt_75rot_det15.npy,1.6106,0.0223,66.8639,0.4973,1.0234,0.015,72.0,10
329,cpvert,15,4,95,15,cpvert_4MeV_15tilt_95rot_det15.npy,1.6814,0.0203,66.111,0.4839,1.0656,0.0143,75.0,11
173,cpvert,15,4,115,15,cpvert_4MeV_15tilt_115rot_det15.npy,1.696,0.0235,66.6163,0.4621,1.0673,0.0155,77.0,12
185,cpvert,15,4,135,15,cpvert_4MeV_15tilt_135rot_det15.npy,1.6562,0.0199,67.1403,0.471,1.0493,0.0136,87.0,13
558,cpvert,4,4,315,-15,cpvert_4MeV_neg15tilt_315rot_det4.npy,1.6353,0.0214,64.9389,0.569,1.0332,0.0143,62.0,0
570,cpvert,4,4,335,-15,cpvert_4MeV_neg15tilt_335rot_det4.npy,1.7113,0.0145,65.7714,0.4829,1.0751,0.01,75.0,1
582,cpvert,4,4,345,-15,cpvert_4MeV_neg15tilt_345rot_det4.npy,1.6932,0.0191,64.9654,0.4799,1.0734,0.0132,92.0,2
594,cpvert,4,4,355,-15,cpvert_4MeV_neg15tilt_355rot_det4.npy,1.68,0.0188,65.7037,0.5516,1.0657,0.0135,76.0,3
642,cpvert,4,4,5,-15,cpvert_4MeV_neg15tilt_5rot_det4.npy,1.6328,0.0203,66.0992,0.5367,1.0471,0.0137,74.0,4
534,cpvert,4,4,15,-15,cpvert_4MeV_neg15tilt_15rot_det4.npy,1.6374,0.0157,65.2888,0.4635,1.0395,0.0111,82.0,5
546,cpvert,4,4,25,-15,cpvert_4MeV_neg15tilt_25rot_det4.npy,1.6217,0.0186,65.0856,0.5435,1.0396,0.013,66.0,6
606,cpvert,4,4,35,-15,cpvert_4MeV_neg15tilt_35rot_det4.npy,1.6124,0.0175,65.0647,0.4867,1.0339,0.0126,76.0,7
618,cpvert,4,4,45,-15,cpvert_4MeV_neg15tilt_45rot_det4.npy,1.619,0.0173,64.2432,0.4506,1.0348,0.0112,75.0,8
630,cpvert,4,4,55,-15,cpvert_4MeV_neg15tilt_55rot_det4.npy,1.5865,0.0173,65.1627,0.5009,1.0198,0.0121,84.0,9
654,cpvert,4,4,75,-15,cpvert_4MeV_neg15tilt_75rot_det4.npy,1.5973,0.0159,64.3852,0.5671,1.0206,0.0111,69.0,10
666,cpvert,4,4,95,-15,cpvert_4MeV_neg15tilt_95rot_det4.npy,1.6398,0.0159,64.2661,0.4893,1.0535,0.0114,77.0,11
510,cpvert,4,4,115,-15,cpvert_4MeV_neg15tilt_115rot_det4.npy,1.6434,0.0178,65.0135,0.582,1.0454,0.0125,71.0,12
522,cpvert,4,4,135,-15,cpvert_4MeV_neg15tilt_135rot_det4.npy,1.6534,0.0184,64.3096,0.4825,1.0457,0.0135,79.0,13
559,cpvert,5,4,315,-15,cpvert_4MeV_neg15tilt_315rot_det5.npy,1.3313,0.0122,41.1209,0.2088,0.8327,0.0085,116.0,0
571,cpvert,5,4,335,-15,cpvert_4MeV_neg15tilt_335rot_det5.npy,1.3421,0.0137,41.1106,0.219,0.8313,0.0091,113.0,1
583,cpvert,5,4,345,-15,cpvert_4MeV_neg15tilt_345rot_det5.npy,1.3423,0.0113,40.9504,0.1989,0.8319,0.0078,114.0,2
595,cpvert,5,4,355,-15,cpvert_4MeV_neg15tilt_355rot_det5.npy,1.3613,0.0107,41.1461,0.2259,0.8475,0.0073,100.0,3
643,cpvert,5,4,5,-15,cpvert_4MeV_neg15tilt_5rot_det5.npy,1.3099,0.0123,41.1368,0.2002,0.8097,0.0087,107.0,4
535,cpvert,5,4,15,-15,cpvert_4MeV_neg15tilt_15rot_det5.npy,1.3073,0.0143,40.9,0.2028,0.8138,0.0096,107.0,5
547,cpvert,5,4,25,-15,cpvert_4MeV_neg15tilt_25rot_det5.npy,1.2872,0.0141,41.1255,0.2457,0.8046,0.0098,94.0,6
607,cpvert,5,4,35,-15,cpvert_4MeV_neg15tilt_35rot_det5.npy,1.2902,0.0125,40.8595,0.2135,0.807,0.0086,102.0,7
619,cpvert,5,4,45,-15,cpvert_4MeV_neg15tilt_45rot_det5.npy,1.2737,0.012,41.1896,0.2045,0.7982,0.0087,107.0,8
631,cpvert,5,4,55,-15,cpvert_4MeV_neg15tilt_55rot_det5.npy,1.2625,0.0128,41.1305,0.1993,0.7925,0.0094,103.0,9
655,cpvert,5,4,75,-15,cpvert_4MeV_neg15tilt_75rot_det5.npy,1.264,0.0111,40.9291,0.1912,0.7935,0.0081,117.0,10
667,cpvert,5,4,95,-15,cpvert_4MeV_neg15tilt_95rot_det5.npy,1.2964,0.011,40.7316,0.2032,0.8155,0.0078,109.0,11
511,cpvert,5,4,115,-15,cpvert_4MeV_neg15tilt_115rot_det5.npy,1.2874,0.0109,40.7788,0.2032,0.8053,0.0075,124.0,12
523,cpvert,5,4,135,-15,cpvert_4MeV_neg15tilt_135rot_det5.npy,1.2989,0.0138,41.0428,0.2085,0.8104,0.0095,119.0,13
560,cpvert,6,4,315,-15,cpvert_4MeV_neg15tilt_315rot_det6.npy,0.9242,0.008,31.3872,0.1285,0.5613,0.0054,127.0,0
572,cpvert,6,4,335,-15,cpvert_4MeV_neg15tilt_335rot_det6.npy,0.944,0.0076,31.3878,0.1157,0.5698,0.0051,171.0,1
584,cpvert,6,4,345,-15,cpvert_4MeV_neg15tilt_345rot_det6.npy,0.9537,0.0069,31.4887,0.1109,0.5749,0.0044,161.0,2
596,cpvert,6,4,355,-15,cpvert_4MeV_neg15tilt_355rot_det6.npy,0.9307,0.0077,31.3344,0.1281,0.5604,0.0051,149.0,3
644,cpvert,6,4,5,-15,cpvert_4MeV_neg15tilt_5rot_det6.npy,0.9247,0.0084,31.5107,0.122,0.5549,0.0055,162.0,4
536,cpvert,6,4,15,-15,cpvert_4MeV_neg15tilt_15rot_det6.npy,0.9359,0.0079,31.0467,0.1456,0.5639,0.0055,118.0,5
548,cpvert,6,4,25,-15,cpvert_4MeV_neg15tilt_25rot_det6.npy,0.9005,0.0082,31.6525,0.132,0.5411,0.0057,136.0,6
608,cpvert,6,4,35,-15,cpvert_4MeV_neg15tilt_35rot_det6.npy,0.9055,0.0073,31.5615,0.1425,0.5496,0.0052,136.0,7
620,cpvert,6,4,45,-15,cpvert_4MeV_neg15tilt_45rot_det6.npy,0.8919,0.0067,31.4833,0.1185,0.539,0.0047,148.0,8
632,cpvert,6,4,55,-15,cpvert_4MeV_neg15tilt_55rot_det6.npy,0.8772,0.0091,31.385,0.1179,0.5332,0.0062,130.0,9
656,cpvert,6,4,75,-15,cpvert_4MeV_neg15tilt_75rot_det6.npy,0.8954,0.0069,31.4635,0.1412,0.5437,0.0047,138.0,10
668,cpvert,6,4,95,-15,cpvert_4MeV_neg15tilt_95rot_det6.npy,0.8688,0.0091,31.4009,0.1289,0.5244,0.0064,140.0,11
512,cpvert,6,4,115,-15,cpvert_4MeV_neg15tilt_115rot_det6.npy,0.9055,0.0074,31.0185,0.1326,0.5486,0.0051,152.0,12
524,cpvert,6,4,135,-15,cpvert_4MeV_neg15tilt_135rot_det6.npy,0.8949,0.0086,30.9173,0.1201,0.5407,0.006,146.0,13
561,cpvert,7,4,315,-15,cpvert_4MeV_neg15tilt_315rot_det7.npy,0.5412,0.0051,27.9281,0.097,0.3138,0.0033,186.0,0
573,cpvert,7,4,335,-15,cpvert_4MeV_neg15tilt_335rot_det7.npy,0.5523,0.0054,27.8429,0.0994,0.3205,0.0035,163.0,1
585,cpvert,7,4,345,-15,cpvert_4MeV_neg15tilt_345rot_det7.npy,0.5552,0.0048,27.8508,0.0913,0.3214,0.0031,182.0,2
597,cpvert,7,4,355,-15,cpvert_4MeV_neg15tilt_355rot_det7.npy,0.5561,0.0052,27.8283,0.098,0.3221,0.0035,180.0,3
645,cpvert,7,4,5,-15,cpvert_4MeV_neg15tilt_5rot_det7.npy,0.5546,0.0058,27.6937,0.1083,0.3193,0.0037,158.0,4
537,cpvert,7,4,15,-15,cpvert_4MeV_neg15tilt_15rot_det7.npy,0.5532,0.0057,27.9612,0.0982,0.3185,0.0036,155.0,5
549,cpvert,7,4,25,-15,cpvert_4MeV_neg15tilt_25rot_det7.npy,0.5398,0.0051,27.765,0.1046,0.3108,0.0032,139.0,6
609,cpvert,7,4,35,-15,cpvert_4MeV_neg15tilt_35rot_det7.npy,0.5319,0.006,27.7063,0.0926,0.3067,0.004,162.0,7
621,cpvert,7,4,45,-15,cpvert_4MeV_neg15tilt_45rot_det7.npy,0.5378,0.0052,27.8867,0.0893,0.3107,0.0033,171.0,8
633,cpvert,7,4,55,-15,cpvert_4MeV_neg15tilt_55rot_det7.npy,0.5307,0.0052,27.8095,0.096,0.3061,0.0033,142.0,9
657,cpvert,7,4,75,-15,cpvert_4MeV_neg15tilt_75rot_det7.npy,0.5197,0.0047,27.7456,0.1045,0.2988,0.003,145.0,10
669,cpvert,7,4,95,-15,cpvert_4MeV_neg15tilt_95rot_det7.npy,0.5201,0.0048,27.6854,0.0988,0.2994,0.0032,164.0,11
513,cpvert,7,4,115,-15,cpvert_4MeV_neg15tilt_115rot_det7.npy,0.5196,0.0052,27.6474,0.1096,0.2973,0.0034,123.0,12
525,cpvert,7,4,135,-15,cpvert_4MeV_neg15tilt_135rot_det7.npy,0.5283,0.005,27.4676,0.0877,0.3041,0.0033,157.0,13
562,cpvert,8,4,315,-15,cpvert_4MeV_neg15tilt_315rot_det8.npy,0.2527,0.003,27.8712,0.0852,0.137,0.0019,174.0,0
574,cpvert,8,4,335,-15,cpvert_4MeV_neg15tilt_335rot_det8.npy,0.2543,0.0029,27.974,0.0853,0.1382,0.0018,159.0,1
586,cpvert,8,4,345,-15,cpvert_4MeV_neg15tilt_345rot_det8.npy,0.2681,0.0028,27.8495,0.0816,0.1472,0.0018,158.0,2
598,cpvert,8,4,355,-15,cpvert_4MeV_neg15tilt_355rot_det8.npy,0.2555,0.0028,27.9068,0.0822,0.1397,0.0017,171.0,3
646,cpvert,8,4,5,-15,cpvert_4MeV_neg15tilt_5rot_det8.npy,0.2643,0.0031,27.8055,0.0835,0.1435,0.0019,145.0,4
538,cpvert,8,4,15,-15,cpvert_4MeV_neg15tilt_15rot_det8.npy,0.2653,0.0032,27.8621,0.0928,0.1445,0.0022,146.0,5
550,cpvert,8,4,25,-15,cpvert_4MeV_neg15tilt_25rot_det8.npy,0.2545,0.0036,27.9732,0.0995,0.1369,0.0022,133.0,6
610,cpvert,8,4,35,-15,cpvert_4MeV_neg15tilt_35rot_det8.npy,0.2506,0.0028,27.7846,0.0784,0.1358,0.0017,163.0,7
622,cpvert,8,4,45,-15,cpvert_4MeV_neg15tilt_45rot_det8.npy,0.2504,0.0028,27.8574,0.083,0.1355,0.0017,169.0,8
634,cpvert,8,4,55,-15,cpvert_4MeV_neg15tilt_55rot_det8.npy,0.2526,0.0031,28.0835,0.0835,0.1358,0.0019,147.0,9
658,cpvert,8,4,75,-15,cpvert_4MeV_neg15tilt_75rot_det8.npy,0.2503,0.0028,27.9641,0.0839,0.1329,0.0017,149.0,10
670,cpvert,8,4,95,-15,cpvert_4MeV_neg15tilt_95rot_det8.npy,0.2415,0.0027,27.8868,0.0925,0.1275,0.0016,149.0,11
514,cpvert,8,4,115,-15,cpvert_4MeV_neg15tilt_115rot_det8.npy,0.2418,0.0029,27.8134,0.0932,0.127,0.0018,146.0,12
526,cpvert,8,4,135,-15,cpvert_4MeV_neg15tilt_135rot_det8.npy,0.2383,0.0037,27.9627,0.1103,0.1266,0.0023,124.0,13
563,cpvert,9,4,315,-15,cpvert_4MeV_neg15tilt_315rot_det9.npy,0.0796,0.0013,25.771,0.0883,0.0385,0.0007,174.0,0
575,cpvert,9,4,335,-15,cpvert_4MeV_neg15tilt_335rot_det9.npy,0.0839,0.0017,25.8173,0.0994,0.0415,0.0009,133.0,1
587,cpvert,9,4,345,-15,cpvert_4MeV_neg15tilt_345rot_det9.npy,0.0784,0.0014,25.92,0.087,0.0387,0.0007,167.0,2
599,cpvert,9,4,355,-15,cpvert_4MeV_neg15tilt_355rot_det9.npy,0.0791,0.0014,25.6976,0.0952,0.0385,0.0008,140.0,3
647,cpvert,9,4,5,-15,cpvert_4MeV_neg15tilt_5rot_det9.npy,0.0791,0.0013,25.7869,0.08,0.0392,0.0007,169.0,4
539,cpvert,9,4,15,-15,cpvert_4MeV_neg15tilt_15rot_det9.npy,0.0763,0.0014,25.7532,0.0975,0.0374,0.0008,129.0,5
551,cpvert,9,4,25,-15,cpvert_4MeV_neg15tilt_25rot_det9.npy,0.08,0.0018,25.9733,0.1055,0.0398,0.001,123.0,6
611,cpvert,9,4,35,-15,cpvert_4MeV_neg15tilt_35rot_det9.npy,0.0777,0.0015,25.8932,0.0868,0.0376,0.0008,149.0,7
623,cpvert,9,4,45,-15,cpvert_4MeV_neg15tilt_45rot_det9.npy,0.0767,0.0014,25.7661,0.0845,0.0369,0.0008,176.0,8
635,cpvert,9,4,55,-15,cpvert_4MeV_neg15tilt_55rot_det9.npy,0.0743,0.0016,25.8626,0.0886,0.0357,0.0009,159.0,9
659,cpvert,9,4,75,-15,cpvert_4MeV_neg15tilt_75rot_det9.npy,0.0728,0.0013,25.8984,0.1013,0.0338,0.0007,140.0,10
671,cpvert,9,4,95,-15,cpvert_4MeV_neg15tilt_95rot_det9.npy,0.0731,0.0013,25.8129,0.0837,0.0333,0.0007,178.0,11
515,cpvert,9,4,115,-15,cpvert_4MeV_neg15tilt_115rot_det9.npy,0.0734,0.0012,25.8532,0.1018,0.0327,0.0006,164.0,12
527,cpvert,9,4,135,-15,cpvert_4MeV_neg15tilt_135rot_det9.npy,0.072,0.0015,25.7716,0.0892,0.0321,0.0008,146.0,13
552,cpvert,10,4,315,-15,cpvert_4MeV_neg15tilt_315rot_det10.npy,0.0781,0.0013,24.3272,0.1021,0.0379,0.0007,176.0,0
564,cpvert,10,4,335,-15,cpvert_4MeV_neg15tilt_335rot_det10.npy,0.076,0.0015,24.2713,0.0936,0.036,0.0008,171.0,1
576,cpvert,10,4,345,-15,cpvert_4MeV_neg15tilt_345rot_det10.npy,0.074,0.0014,24.3604,0.0959,0.0348,0.0008,147.0,2
588,cpvert,10,4,355,-15,cpvert_4MeV_neg15tilt_355rot_det10.npy,0.0765,0.0015,24.3955,0.1021,0.0367,0.0008,147.0,3
636,cpvert,10,4,5,-15,cpvert_4MeV_neg15tilt_5rot_det10.npy,0.076,0.0016,24.2822,0.1026,0.0363,0.0009,171.0,4
528,cpvert,10,4,15,-15,cpvert_4MeV_neg15tilt_15rot_det10.npy,0.073,0.0012,24.221,0.0912,0.0348,0.0007,170.0,5
540,cpvert,10,4,25,-15,cpvert_4MeV_neg15tilt_25rot_det10.npy,0.0725,0.0013,24.4231,0.1063,0.0343,0.0007,142.0,6
600,cpvert,10,4,35,-15,cpvert_4MeV_neg15tilt_35rot_det10.npy,0.0715,0.0013,24.1915,0.0999,0.0343,0.0007,163.0,7
612,cpvert,10,4,45,-15,cpvert_4MeV_neg15tilt_45rot_det10.npy,0.0762,0.0015,24.3083,0.1069,0.0369,0.0008,141.0,8
624,cpvert,10,4,55,-15,cpvert_4MeV_neg15tilt_55rot_det10.npy,0.0741,0.0012,24.3201,0.091,0.036,0.0007,174.0,9
648,cpvert,10,4,75,-15,cpvert_4MeV_neg15tilt_75rot_det10.npy,0.071,0.0013,24.38,0.1064,0.0341,0.0007,146.0,10
660,cpvert,10,4,95,-15,cpvert_4MeV_neg15tilt_95rot_det10.npy,0.0746,0.0013,24.5217,0.0868,0.0352,0.0007,163.0,11
504,cpvert,10,4,115,-15,cpvert_4MeV_neg15tilt_115rot_det10.npy,0.072,0.0015,24.5045,0.1078,0.033,0.0008,157.0,12
516,cpvert,10,4,135,-15,cpvert_4MeV_neg15tilt_135rot_det10.npy,0.0722,0.0013,24.4381,0.1066,0.0328,0.0007,142.0,13
553,cpvert,11,4,315,-15,cpvert_4MeV_neg15tilt_315rot_det11.npy,0.2474,0.0027,28.7308,0.0885,0.1329,0.0016,179.0,0
565,cpvert,11,4,335,-15,cpvert_4MeV_neg15tilt_335rot_det11.npy,0.2446,0.0032,28.7296,0.0938,0.1309,0.0019,165.0,1
577,cpvert,11,4,345,-15,cpvert_4MeV_neg15tilt_345rot_det11.npy,0.244,0.0027,28.7934,0.0893,0.1307,0.0016,177.0,2
589,cpvert,11,4,355,-15,cpvert_4MeV_neg15tilt_355rot_det11.npy,0.242,0.0029,28.8432,0.0907,0.1305,0.0017,176.0,3
637,cpvert,11,4,5,-15,cpvert_4MeV_neg15tilt_5rot_det11.npy,0.2465,0.0027,28.6586,0.0872,0.1323,0.0017,182.0,4
529,cpvert,11,4,15,-15,cpvert_4MeV_neg15tilt_15rot_det11.npy,0.2472,0.0028,28.6181,0.0958,0.1313,0.0017,178.0,5
541,cpvert,11,4,25,-15,cpvert_4MeV_neg15tilt_25rot_det11.npy,0.2467,0.0033,28.7108,0.1092,0.1324,0.002,117.0,6
601,cpvert,11,4,35,-15,cpvert_4MeV_neg15tilt_35rot_det11.npy,0.2431,0.0028,28.7802,0.1038,0.1314,0.0017,149.0,7
613,cpvert,11,4,45,-15,cpvert_4MeV_neg15tilt_45rot_det11.npy,0.2455,0.0032,28.7598,0.0925,0.1329,0.002,167.0,8
625,cpvert,11,4,55,-15,cpvert_4MeV_neg15tilt_55rot_det11.npy,0.2497,0.003,28.6749,0.0871,0.1351,0.002,167.0,9
649,cpvert,11,4,75,-15,cpvert_4MeV_neg15tilt_75rot_det11.npy,0.25,0.0031,28.6642,0.0924,0.1338,0.0019,160.0,10
661,cpvert,11,4,95,-15,cpvert_4MeV_neg15tilt_95rot_det11.npy,0.2504,0.0033,28.8082,0.0992,0.1337,0.0019,151.0,11
505,cpvert,11,4,115,-15,cpvert_4MeV_neg15tilt_115rot_det11.npy,0.24,0.0033,28.8349,0.0891,0.129,0.0019,178.0,12
517,cpvert,11,4,135,-15,cpvert_4MeV_neg15tilt_135rot_det11.npy,0.2433,0.003,28.8061,0.0972,0.1292,0.0018,164.0,13
554,cpvert,12,4,315,-15,cpvert_4MeV_neg15tilt_315rot_det12.npy,0.5392,0.005,28.6644,0.0901,0.3108,0.0033,183.0,0
566,cpvert,12,4,335,-15,cpvert_4MeV_neg15tilt_335rot_det12.npy,0.53,0.0051,28.7036,0.0974,0.3047,0.0032,164.0,1
578,cpvert,12,4,345,-15,cpvert_4MeV_neg15tilt_345rot_det12.npy,0.5322,0.0044,28.618,0.0972,0.3069,0.0029,167.0,2
590,cpvert,12,4,355,-15,cpvert_4MeV_neg15tilt_355rot_det12.npy,0.5222,0.0054,28.707,0.094,0.2993,0.0034,145.0,3
638,cpvert,12,4,5,-15,cpvert_4MeV_neg15tilt_5rot_det12.npy,0.5281,0.0045,28.5333,0.0967,0.3046,0.0029,190.0,4
530,cpvert,12,4,15,-15,cpvert_4MeV_neg15tilt_15rot_det12.npy,0.5212,0.0049,28.8284,0.1021,0.3003,0.0031,167.0,5
542,cpvert,12,4,25,-15,cpvert_4MeV_neg15tilt_25rot_det12.npy,0.5282,0.0052,28.8159,0.1047,0.304,0.0033,156.0,6
602,cpvert,12,4,35,-15,cpvert_4MeV_neg15tilt_35rot_det12.npy,0.5346,0.0045,28.5254,0.0908,0.3087,0.0029,192.0,7
614,cpvert,12,4,45,-15,cpvert_4MeV_neg15tilt_45rot_det12.npy,0.5374,0.0043,28.6909,0.0968,0.3096,0.0028,159.0,8
626,cpvert,12,4,55,-15,cpvert_4MeV_neg15tilt_55rot_det12.npy,0.5478,0.0048,28.5485,0.0979,0.3151,0.0031,145.0,9
650,cpvert,12,4,75,-15,cpvert_4MeV_neg15tilt_75rot_det12.npy,0.5336,0.005,28.8285,0.0931,0.3064,0.0032,159.0,10
662,cpvert,12,4,95,-15,cpvert_4MeV_neg15tilt_95rot_det12.npy,0.5464,0.0053,28.7817,0.0918,0.312,0.0033,174.0,11
506,cpvert,12,4,115,-15,cpvert_4MeV_neg15tilt_115rot_det12.npy,0.532,0.0049,28.8385,0.087,0.3043,0.0031,181.0,12
518,cpvert,12,4,135,-15,cpvert_4MeV_neg15tilt_135rot_det12.npy,0.5327,0.0053,28.8564,0.1075,0.3092,0.0038,160.0,13
555,cpvert,13,4,315,-15,cpvert_4MeV_neg15tilt_315rot_det13.npy,0.9,0.0081,33.5815,0.1286,0.5454,0.0054,160.0,0
567,cpvert,13,4,335,-15,cpvert_4MeV_neg15tilt_335rot_det13.npy,0.8937,0.0074,33.7354,0.1392,0.5401,0.005,154.0,1
579,cpvert,13,4,345,-15,cpvert_4MeV_neg15tilt_345rot_det13.npy,0.8858,0.0066,33.5675,0.1351,0.5361,0.0046,150.0,2
591,cpvert,13,4,355,-15,cpvert_4MeV_neg15tilt_355rot_det13.npy,0.876,0.0081,33.715,0.1413,0.5325,0.0055,138.0,3
639,cpvert,13,4,5,-15,cpvert_4MeV_neg15tilt_5rot_det13.npy,0.8841,0.0078,33.4888,0.1527,0.537,0.0053,137.0,4
531,cpvert,13,4,15,-15,cpvert_4MeV_neg15tilt_15rot_det13.npy,0.8823,0.0072,33.6334,0.1333,0.5351,0.0046,158.0,5
543,cpvert,13,4,25,-15,cpvert_4MeV_neg15tilt_25rot_det13.npy,0.8889,0.0072,33.4664,0.1507,0.5389,0.0052,133.0,6
603,cpvert,13,4,35,-15,cpvert_4MeV_neg15tilt_35rot_det13.npy,0.8832,0.0073,33.4611,0.1279,0.5336,0.0051,149.0,7
615,cpvert,13,4,45,-15,cpvert_4MeV_neg15tilt_45rot_det13.npy,0.879,0.0074,33.624,0.1266,0.5313,0.0049,169.0,8
627,cpvert,13,4,55,-15,cpvert_4MeV_neg15tilt_55rot_det13.npy,0.8988,0.0071,33.7241,0.118,0.5427,0.0046,149.0,9
651,cpvert,13,4,75,-15,cpvert_4MeV_neg15tilt_75rot_det13.npy,0.9028,0.0085,33.5977,0.1291,0.5402,0.0057,153.0,10
663,cpvert,13,4,95,-15,cpvert_4MeV_neg15tilt_95rot_det13.npy,0.9166,0.0079,33.5721,0.1338,0.5509,0.0053,153.0,11
507,cpvert,13,4,115,-15,cpvert_4MeV_neg15tilt_115rot_det13.npy,0.9081,0.0075,33.6029,0.1129,0.546,0.0053,180.0,12
519,cpvert,13,4,135,-15,cpvert_4MeV_neg15tilt_135rot_det13.npy,0.9006,0.0085,33.7485,0.1303,0.5432,0.0056,152.0,13
556,cpvert,14,4,315,-15,cpvert_4MeV_neg15tilt_315rot_det14.npy,1.314,0.0121,43.1762,0.1999,0.8182,0.0084,123.0,0
568,cpvert,14,4,335,-15,cpvert_4MeV_neg15tilt_335rot_det14.npy,1.2785,0.0112,42.9123,0.1905,0.8027,0.0079,148.0,1
580,cpvert,14,4,345,-15,cpvert_4MeV_neg15tilt_345rot_det14.npy,1.2948,0.0099,43.1339,0.2073,0.8107,0.0071,122.0,2
592,cpvert,14,4,355,-15,cpvert_4MeV_neg15tilt_355rot_det14.npy,1.2671,0.0133,43.4276,0.2258,0.7976,0.009,123.0,3
640,cpvert,14,4,5,-15,cpvert_4MeV_neg15tilt_5rot_det14.npy,1.269,0.011,43.2988,0.1916,0.7977,0.0077,136.0,4
532,cpvert,14,4,15,-15,cpvert_4MeV_neg15tilt_15rot_det14.npy,1.2548,0.0104,42.9615,0.1917,0.7854,0.0071,133.0,5
544,cpvert,14,4,25,-15,cpvert_4MeV_neg15tilt_25rot_det14.npy,1.279,0.0109,42.6801,0.204,0.8051,0.0077,122.0,6
604,cpvert,14,4,35,-15,cpvert_4MeV_neg15tilt_35rot_det14.npy,1.2559,0.01,43.2504,0.1995,0.7843,0.007,137.0,7
616,cpvert,14,4,45,-15,cpvert_4MeV_neg15tilt_45rot_det14.npy,1.2702,0.0108,43.304,0.1966,0.7962,0.0078,134.0,8
628,cpvert,14,4,55,-15,cpvert_4MeV_neg15tilt_55rot_det14.npy,1.2842,0.0109,43.0034,0.2004,0.8015,0.0075,131.0,9
652,cpvert,14,4,75,-15,cpvert_4MeV_neg15tilt_75rot_det14.npy,1.3012,0.0118,42.6635,0.2001,0.8092,0.0083,123.0,10
664,cpvert,14,4,95,-15,cpvert_4MeV_neg15tilt_95rot_det14.npy,1.3281,0.01,42.952,0.2003,0.8216,0.0068,143.0,11
508,cpvert,14,4,115,-15,cpvert_4MeV_neg15tilt_115rot_det14.npy,1.2974,0.0108,43.0905,0.2089,0.8011,0.0071,111.0,12
520,cpvert,14,4,135,-15,cpvert_4MeV_neg15tilt_135rot_det14.npy,1.3143,0.0112,43.0275,0.2156,0.8173,0.0079,116.0,13
557,cpvert,15,4,315,-15,cpvert_4MeV_neg15tilt_315rot_det15.npy,1.7385,0.0177,67.7575,0.4778,1.0963,0.0117,60.0,0
569,cpvert,15,4,335,-15,cpvert_4MeV_neg15tilt_335rot_det15.npy,1.6505,0.0153,65.5096,0.4745,1.0559,0.011,88.0,1
581,cpvert,15,4,345,-15,cpvert_4MeV_neg15tilt_345rot_det15.npy,1.6181,0.0229,66.4098,0.4181,1.0329,0.0159,80.0,2
593,cpvert,15,4,355,-15,cpvert_4MeV_neg15tilt_355rot_det15.npy,1.6172,0.0168,66.895,0.5279,1.0327,0.0115,82.0,3
641,cpvert,15,4,5,-15,cpvert_4MeV_neg15tilt_5rot_det15.npy,1.5399,0.0251,65.9918,0.4775,0.9932,0.0175,90.0,4
533,cpvert,15,4,15,-15,cpvert_4MeV_neg15tilt_15rot_det15.npy,1.5625,0.0215,67.3415,0.4462,1.0017,0.0152,78.0,5
545,cpvert,15,4,25,-15,cpvert_4MeV_neg15tilt_25rot_det15.npy,1.6098,0.0183,65.4566,0.5012,1.0304,0.0126,80.0,6
605,cpvert,15,4,35,-15,cpvert_4MeV_neg15tilt_35rot_det15.npy,1.5872,0.0178,65.9476,0.5616,1.0174,0.0124,70.0,7
617,cpvert,15,4,45,-15,cpvert_4MeV_neg15tilt_45rot_det15.npy,1.6161,0.0167,65.5926,0.5043,1.0354,0.0115,79.0,8
629,cpvert,15,4,55,-15,cpvert_4MeV_neg15tilt_55rot_det15.npy,1.6425,0.0167,65.1475,0.4671,1.0557,0.0124,72.0,9
653,cpvert,15,4,75,-15,cpvert_4MeV_neg15tilt_75rot_det15.npy,1.6602,0.0169,65.9779,0.5138,1.0571,0.012,68.0,10
665,cpvert,15,4,95,-15,cpvert_4MeV_neg15tilt_95rot_det15.npy,1.6506,0.0201,65.7641,0.4846,1.047,0.0141,79.0,11
509,cpvert,15,4,115,-15,cpvert_4MeV_neg15tilt_115rot_det15.npy,1.7017,0.016,66.6341,0.4902,1.0691,0.0114,74.0,12
521,cpvert,15,4,135,-15,cpvert_4MeV_neg15tilt_135rot_det15.npy,1.6731,0.0173,66.4515,0.5073,1.0558,0.0116,75.0,13
